anvaya_no	word	poem	sandhied_word	morph_analysis	morph_in_context	kaaraka_sambandha	possible_relations	sentno	chaptno	slokano	book	part1	part2
1.1	ISA	-	ISA	IS{puM;3;eka}/ISA{swrI;1;eka}	IS{puM;3;eka}	karwA,2.1	karma,2.1#karwA,2.1#hewuH,9.1#hewuH,2.1#karwA,2.1	1	1	01	upaniRax	ISAvAsyopaniRax	-
10.1	(aswi)	10.1	-	as2{karwari;lat;pra;eka;parasmEpaxI;axAxiH}	as2{karwari;lat;pra;eka;parasmEpaxI;axAxiH}	aBihiwa_karwA,2.1	aBihiwa_karwA,2.1	1	1	01	upaniRax	ISAvAsyopaniRax	-
2.1	vAsyam	-	vAsyam	vAsya{puM;2;eka(vas1;Nyaw;BvAxiH)}/vAsya{napuM;1;eka(vas1;Nyaw;BvAxiH)}/vAsya{napuM;2;eka(vas1;Nyaw;BvAxiH)}/vAsya{puM;2;eka(vas2;Nyaw;axAxiH)}/vAsya{napuM;1;eka(vas2;Nyaw;axAxiH)}/vAsya{napuM;2;eka(vas2;Nyaw;axAxiH)}	vAsya{napuM;1;eka(vas1;Nyaw;BvAxiH)}	karwA,10.1	viSeRaNam,8.1#viSeRaNam,4.1#viSeRaNam,3.1#karwA_be_verbs,9.1	1	1	01	upaniRax	ISAvAsyopaniRax	-
3.1	ixaM	-	ixaM	ixam{sarvanAma;napuM;1;eka}/ixam{sarvanAma;napuM;2;eka}	ixam{sarvanAma;napuM;1;eka}	viSeRaNam,4.1	viSeRaNam,8.1#viSeRaNam,4.1#karwA_be_verbs,9.1	1	1	01	upaniRax	ISAvAsyopaniRax	-
4.1	sarvaM	-	sarvaM	sarva{sarvanAma;puM;2;eka}/sarva{sarvanAma;napuM;1;eka}/sarva{sarvanAma;napuM;2;eka}	sarva{sarvanAma;napuM;1;eka}	karma,2.1	viSeRaNam,8.1#karwA_be_verbs,9.1	1	1	01	upaniRax	ISAvAsyopaniRax	-
5.1	yaw	-	yaw	yaw{avya}	yaw{avya}	viSeRaNam,8.1	sambanXaH,9.1#viSeRaNam,8.1;niwyasambanXaH,10.1	1	1	01	upaniRax	ISAvAsyopaniRax	-
6.1	kiFca	-	kiFca	kiFca{avya}	kiFca{avya}	viSeRaNam,8.1	sambanXaH,10.1	1	1	01	upaniRax	ISAvAsyopaniRax	-
7.1	jagawyAM	-	jagawyAm	jagawI{swrI;7;eka}	jagawI{swrI;7;eka}	aXikaraNam,9.1	aXikaraNam,9.1	1	1	01	upaniRax	ISAvAsyopaniRax	-
8.1	jagaw	-	jagaw	jagaw{napuM;1;eka}/jagaw{napuM;2;eka}/jagaw{puM;8;eka}/jagaw{napuM;8;eka}/jagaw{puM;1;eka}	jagaw{napuM;1;eka}	karwA,9.1	karwA_be_verbs,9.1;karwA,10.1	1	1	01	upaniRax	ISAvAsyopaniRax	-
9.1	(aswi)	-	aswi	as2{karwari;lat;pra;eka;parasmEpaxI;axAxiH}	as2{karwari;lat;pra;eka;parasmEpaxI;axAxiH}	aBihiwa_karwA,9.1	aBihiwa_karwA,9.1	1	1	01	upaniRax	ISAvAsyopaniRax	-
12.1	wena	-	wena	wax{sarvanAma;puM;3;eka}/wax{sarvanAma;napuM;3;eka}/wan1{karwari;lit;ma;bahu;parasmEpaxI;wanAxiH}	wax{sarvanAma;puM;3;eka}	viSeRaNam,13.1	viSeRaNam,11.1#karwA,2.1#karaNam,2.1#hewuH,3.1#hewuH,2.1	2	1	01	upaniRax	ISAvAsyopaniRax	-
13.1	wyakwena	-	wyakwena	wyakwa{puM;3;eka(wyaj1;kwa;BvAxiH)}/wyakwa{napuM;3;eka(wyaj1;kwa;BvAxiH)}	wyakwa{puM;3;eka(wyaj1;kwa;BvAxiH)}	karaNam,14.1	viSeRaNam,1.1#hewuH,3.1#hewuH,1.1#karaNam,14.1	2	1	01	upaniRax	ISAvAsyopaniRax	-
14.1	BuFjIWAH	-	BuFjIWAH	Buj2{karwari;viXilif;ma;eka;AwmanepaxI;ruXAxiH}	Buj2{karwari;viXilif;ma;eka;AwmanepaxI;ruXAxiH}	-	-	2	1	01	upaniRax	ISAvAsyopaniRax	-
15.1	[wvam]	-	wvam	-	-	karwA,14.1	karwA,3.1#karwA,14.1	2	1	01	upaniRax	ISAvAsyopaniRax	-
1.1	mA	-	mA	mA{avya}	mA{avya}	prawiReXaH,2.1	prawiReXaH,2.1	3	1	01	upaniRax	ISAvAsyopaniRax	-
2.1	gqXaH	-	gqXaH	gqX1{karwari;luf;ma;eka;parasmEpaxI;xivAxiH}	gqX1{karwari;luf;ma;eka;parasmEpaxI;xivAxiH}	aBihiwa_karwA	-	3	1	01	upaniRax	ISAvAsyopaniRax	-
3.1	kasya	-	kasya	kim{sarvanAma;puM;6;eka}/kim{sarvanAma;napuM;6;eka}	kim{sarvanAma;puM;6;eka}	RaRTIsambanXaH,5.1	RaRTIsambanXaH,5.1	3	1	01	upaniRax	ISAvAsyopaniRax	-
4.1	sviw	-	sviw	sviw{avy}	sviw{avy}	sambanXaH,5.1	sambanXaH,2.1	3	1	01	upaniRax	ISAvAsyopaniRax	-
5.1	Xanam	-	Xanam	Xana{napuM;1;eka}/Xana{napuM;2;eka}	Xana{napuM;2;eka}	karma,2.1	karma,2.1	3	1	01	upaniRax	ISAvAsyopaniRax	-
1.1	kurvan	-	kurvan	kurvaw{puM;8;eka}/kurvaw{puM;1;eka(kq3;Sawq_lat;wanAxiH)}	kurvaw{puM;1;eka(kq3;Sawq_lat;wanAxiH)}	varwamAnasamAnakAlaH,5.1	varwamAnasamAnakAlaH,5.1#karwA,5.1	1	1	02	upaniRax	ISAvAsyopaniRax	-
10.1	na	-	na	na{avya}	na{avya}	prawiReXaH,13.1	prawiReXaH,12.1#prawiReXaH,6.1#prawiReXaH,5.1	1	1	02	upaniRax	ISAvAsyopaniRax	-
11.1	anyaWA	-	anyaWA	anyaWA{avya}	anyaWA{avya}	karwA,13.1	karwA,12.1	1	1	02	upaniRax	ISAvAsyopaniRax	-
12.1	iwaH	-	iwaH	iwaH{avya}/i1{karwari;lat;pra;xvi;parasmEpaxI;axAxiH}/iwa{puM;1;eka(i1;kwa;axAxiH)}	iwaH{wasil;avya}	sanxarBa_binxuH,7.1	karwA_be_verbs,6.1#karma,8.1#viBakwam,4.1#sanxarBa_binxuH,7.1	1	1	02	upaniRax	ISAvAsyopaniRax	-
13.1	aswi	-	aswi	as2{karwari;lat;pra;eka;parasmEpaxI;axAxiH}	as2{karwari;lat;pra;eka;parasmEpaxI;axAxiH}	aBihiwa_karwA,7.1	-	1	1	02	upaniRax	ISAvAsyopaniRax	-
14.1	na	-	na	na{avya}	na{avya}	prawiReXaH,16.1	prawiReXaH,16.1	1	1	02	upaniRax	ISAvAsyopaniRax	-
15.1	karma	-	karma	karman{napuM;1;eka}/karman{napuM;2;eka}	karman{napuM;1;eka}	karma,16.1	karma,16.1#karwA_be_verbs,6.1#karma,9.1	1	1	02	upaniRax	ISAvAsyopaniRax	-
16.1	lipyawe	-	lipyawe	lip1{karmaNi;lat;pra;eka;AwmanepaxI;wuxAxiH}	lip1{karmaNi;lat;pra;eka;AwmanepaxI;wuxAxiH}	aBihiwa_karma,8.1;sakarmaka	-	1	1	02	upaniRax	ISAvAsyopaniRax	-
17.1	nare	-	nare	nara{puM;7;eka}	nara{puM;7;eka}	viRayAXikaraNam,16.1	viSeRaNam,2.1#aXikaraNam,8.1#aXikaraNam,6.1#aXikaraNam,5.1#viRayAXikaraNam,16.1	1	1	02	upaniRax	ISAvAsyopaniRax	-
2.1	eva	-	eva	eva{avya}	eva{avya}	sambanXaH,1.1	sambanXaH,1.1	1	1	02	upaniRax	ISAvAsyopaniRax	-
3.1	iha	-	iha	iha{avya}	iha{avya}	xeSAXikaraNam,5.1	xeSAXikaraNam,5.1	1	1	02	upaniRax	ISAvAsyopaniRax	-
4.1	karmANi	-	karmANi	karman{napuM;1;bahu}/karman{napuM;2;bahu}/karman{napuM;8;bahu}	karman{napuM;2;bahu}	karma,1.1	karma,1.1	1	1	02	upaniRax	ISAvAsyopaniRax	-
5.1	jijIviRew	-	jijIviRew	jIv1{sananwa;karwari;viXilif;pra;eka;parasmEpaxI;BvAxiH}	jIv1{sananwa;karwari;viXilif;pra;eka;parasmEpaxI;BvAxiH}	aBihiwa_karwA	-	1	1	02	upaniRax	ISAvAsyopaniRax	-
6.1	SawaM	-	SawaM	Sawa{napuM;1;eka}/Sawa{napuM;2;eka}/Sawa{saMKyeyam;napuM;1;eka}/Sawa{saMKyeyam;napuM;2;eka}/Sawa{saMKyA;napuM;1;eka}/Sawa{saMKyA;napuM;2;eka}	Sawa{napuM;2;eka}	viSeRaNam,7.1	karma,1.1#karwA,5.1#viSeRaNam,15.1	1	1	02	upaniRax	ISAvAsyopaniRax	-
7.1	samAH	-	samAH	sama{puM;1;bahu}/samA{sarvanAma;swrI;1;bahu}/samA{sarvanAma;swrI;2;bahu}/sama{puM;8;bahu}/samA{swrI;8;bahu}	samA{swrI;2;bahu}	karma,5.1	karma,11.1#awyanwasaMyoga_sambanXaH,5.1#awyanwasaMyoga_sambanXaH,1.1	1	1	02	upaniRax	ISAvAsyopaniRax	-
8.1	evaM	-	evaM	evam{avya}	evam{avya}	sambanXaH,13.1	kriyAviSeRaNam,8.1#kriyAviSeRaNam,6.1#kriyAviSeRaNam,5.1#sambanXaH,17.1	1	1	02	upaniRax	ISAvAsyopaniRax	-
9.1	wvayi	-	wvayi	yuRmax{sarvanAma;7;eka}	yuRmax{sarvanAma;7;eka}	viSeRaNam,13.1	xeSAXikaraNam,16.1#xeSAXikaraNam,6.1#xeSAXikaraNam,5.1#viSeRaNam,17.1	1	1	02	upaniRax	ISAvAsyopaniRax	-
1.1	asuryAH	-	asuryAH	asuryA{swrI;1;bahu}/asuryA{swrI;2;bahu}	asuryA{swrI;1;bahu}	saMjFA,4.1	karma,7.1#saMjFA,4.1	1	1	03	upaniRax	ISAvAsyopaniRax	-
2.1	nAma	-	nAma	nAma{avya}	nAma{avya}	saMjFA_xyowakaH,1.1	saMjFA_xyowakaH,1.1	1	1	03	upaniRax	ISAvAsyopaniRax	-
3.1	we	-	we	wax{sarvanAma;puM;1;bahu}/wax{sarvanAma;napuM;1;xvi}/wax{sarvanAma;napuM;2;xvi}/wax{sarvanAma;swrI;1;xvi}/wax{sarvanAma;swrI;2;xvi}/yuRmax{sarvanAma;6;eka}/yuRmax{sarvanAma;4;eka}	wax{sarvanAma;puM;1;bahu}	viSeRaNam,4.1	prayojanam1,7.1#karwA,7.1#karma,7.1#RaRTIsambanXaH,7.1#RaRTIsambanXaH,4.1#RaRTIsambanXaH,1.1#viSeRaNam,7.1#viSeRaNam,4.1	1	1	03	upaniRax	ISAvAsyopaniRax	-
4.1	lokAH	-	lokAH	loka{puM;1;bahu}/loka{puM;8;bahu}	loka{puM;1;bahu}	karma,7.1	karma,7.1	1	1	03	upaniRax	ISAvAsyopaniRax	-
5.1	anXena	-	anXena	anXa{puM;3;eka}/anXa{napuM;3;eka}	anXa{puM;3;eka}	viSeRaNam,6.1	viSeRaNam,6.1#karwA,7.1#karaNam,7.1#hewuH,7.1	1	1	03	upaniRax	ISAvAsyopaniRax	-
6.1	wamasA	-	wamasA	wamas{napuM;3;eka}	wamas{napuM;3;eka}	karwA,7.1	viSeRaNam,5.1#karwA,7.1#karaNam,7.1#hewuH,7.1	1	1	03	upaniRax	ISAvAsyopaniRax	-
7.1	AvqwAH	-	AvqwAH	Avqwa{puM;1;bahu(Af_vqw1;GaF;BvAxiH)}/Avqwa{puM;1;bahu(Af_vq1;kwa;svAxiH)}/AvqwA{swrI;1;bahu(Af_vq1;kwa;svAxiH)}/AvqwA{swrI;2;bahu(Af_vq1;kwa;svAxiH)}	Avqwa{puM;1;bahu(Af_vq1;kwa;svAxiH)}	-	-	1	1	03	upaniRax	ISAvAsyopaniRax	-
10.1	prewya	-	prewya	pra_i1{avya;lyap;axAxiH}	pra_i1{avya;lyap;axAxiH}	pUrvakAlaH,11.1	pUrvakAlaH,11.1#kriyAviSeRaNam,10.1	2	1	03	upaniRax	ISAvAsyopaniRax	-
11.1	aBigacCanwi	-	aBigacCanwi	aBi_gam1{karwari;lat;pra;bahu;parasmEpaxI;BvAxiH}/aBigacCaw{napuM;1;bahu(aBi_gam1;Sawq_lat;BvAxiH)}/aBigacCaw{napuM;2;bahu(aBi_gam1;Sawq_lat;BvAxiH)}	aBi_gam1{karwari;lat;pra;bahu;parasmEpaxI;BvAxiH}	aBihiwa_karwA,9.1;sakarmaka	karma,9.1	2	1	03	upaniRax	ISAvAsyopaniRax	-
12.1	ye	-	ye	yax{sarvanAma;puM;1;bahu}/yax{sarvanAma;napuM;1;xvi}/yax{sarvanAma;napuM;2;xvi}/yax{sarvanAma;swrI;1;xvi}/yax{sarvanAma;swrI;2;xvi}	yax{sarvanAma;puM;1;bahu}	viSeRaNam,16.1	viSeRaNam,16.1#karwA_be_verbs,16.1	2	1	03	upaniRax	ISAvAsyopaniRax	-
13.1	ke	-	ke	kim{sarvanAma;puM;1;bahu}/kim{sarvanAma;napuM;1;xvi}/kim{sarvanAma;napuM;2;xvi}/kim{sarvanAma;swrI;1;xvi}/kim{sarvanAma;swrI;2;xvi}	kim{sarvanAma;puM;1;bahu}	viSeRaNam,16.1	viSeRaNam,12.1#karwA,17.1#viXeya_viSeRaNam,17.1#viSeRaNam,12.1#karwA_be_verbs,17.1	2	1	03	upaniRax	ISAvAsyopaniRax	-
14.1	ca	-	ca	ca{avya}	ca{avya}	sambanXaH,13.1	sambanXaH,13.1	2	1	03	upaniRax	ISAvAsyopaniRax	-
15.1	Awma-	-	Awma-hanaH	Awman	Awman	upapaxa-wawpuruRaH,15.2	samAsaH,15.2	2	1	03	upaniRax	ISAvAsyopaniRax	-
15.2	hanaH	-	hanaH	hana{puM;1;bahu}	hana{puM;1;bahu}	viSeRaNam,16.1	viSeRaNam,16.1	2	1	03	upaniRax	ISAvAsyopaniRax	-
16.1	janAH	-	janAH	jana{puM;1;bahu}/jana{puM;8;bahu}	jana{puM;1;bahu}	karwA,17.1	karwA_be_verbs,17.1	2	1	03	upaniRax	ISAvAsyopaniRax	-
17.1	[sanwi]	-	[sanwi]	as2{karwari;lat;pra;bahu;parasmEpaxI;axAxiH}/saw{napuM;8;bahu}	as2{karwari;lat;pra;bahu;parasmEpaxI;axAxiH}	aBihiwa_karwA,16.1	-	2	1	03	upaniRax	ISAvAsyopaniRax	-
8.1	wAn	-	wAn	wax{sarvanAma;puM;2;bahu}	wax{sarvanAma;puM;2;bahu}	karma,11.1	karma,11.1#karma,10.1	2	1	03	upaniRax	ISAvAsyopaniRax	-
9.1	we	-	we	wax{sarvanAma;puM;1;bahu}/wax{sarvanAma;napuM;1;xvi}/wax{sarvanAma;napuM;2;xvi}/wax{sarvanAma;swrI;1;xvi}/wax{sarvanAma;swrI;2;xvi}/yuRmax{sarvanAma;6;eka}/yuRmax{sarvanAma;4;eka}	wax{sarvanAma;puM;1;bahu}	karwA,11.1;niwya_sambanXaH,12.1	prayojanam1,11.1#prayojanam1,10.1#karma,11.1#karma,9.1#karwA,10.1	2	1	03	upaniRax	ISAvAsyopaniRax	-
1.1	an-	-	an-	na	na	naFa-wawpuruRaH,1.2	naFa-wawpuruRaH,1.2	1	1	04	upaniRax	ISAvAsyopaniRax	-
1.2	ejaw	-	ejaw	ejq{Sawq;napuM;}	ejq{Sawq;napuM;1;eka}	viXeya_viSeRaNam,2.1	viSeRaNam,4.1#viXeya_viSeRaNam,2.1	1	1	04	upaniRax	ISAvAsyopaniRax	-
2.1	ekaM	-	ekaM	eka{saMKyeyam;puM;2;eka}/eka{saMKyeyam;napuM;1;eka}/eka{saMKyeyam;napuM;2;eka}/eka{saMKyA;napuM;1;eka}/eka{saMKyA;napuM;2;eka}	eka{saMKyeyam;napuM;1;eka}	karwA,5.1	viSeRaNam,4.1#karwA,5.1	1	1	04	upaniRax	ISAvAsyopaniRax	-
3.1	manasaH	-	manasaH	manas{napuM;5;eka}/manas{napuM;6;eka}	manas{napuM;5;eka}	wulanAbinxuH,4.1	wulanAbinxuH,4.1	1	1	04	upaniRax	ISAvAsyopaniRax	-
4.1	javIyaH	-	javIyaH	javIyas{napuM;1;eka}	javIyas{napuM;1;eka}	viXeya_viSeRaNam,2.1	karwA,5.1#viXeya_viSeRaNam,2.1	1	1	04	upaniRax	ISAvAsyopaniRax	-
5.1	[aswi]	-	[aswi]	as2{karwari;lat;pra;eka;parasmEpaxI;axAxiH}	as2{karwari;lat;pra;eka;parasmEpaxI;axAxiH}	aBihiwa_karwA,2.1	-	1	1	04	upaniRax	ISAvAsyopaniRax	-
1.1	na	-	na	na{avya}	na{avya}	prawiReXaH,4.1	prawiReXaH,4.1	2	1	04	upaniRax	ISAvAsyopaniRax	-
2.1	enaw	-	enaw	ixam{sarvanAma;napuM;2;eka}/ewax{sarvanAma;napuM;2;eka}	ixam{sarvanAma;napuM;2;eka}	karma,4.1	viSeRaNam,5.1#karma,4.1	2	1	04	upaniRax	ISAvAsyopaniRax	-
3.1	xevAH	-	xevAH	xeva{puM;1;bahu}/xeva{puM;8;bahu}	xeva{puM;1;bahu}	karwA,4.1	karwA,4.1	2	1	04	upaniRax	ISAvAsyopaniRax	-
4.1	Apnuvan	-	Apnuvan	Ap1{karwari;laf;pra;bahu;parasmEpaxI;svAxiH}/Apnuvaw{puM;1;eka(Ap1;Sawq_lat;svAxiH)}	Ap1{karwari;laf;pra;bahu;parasmEpaxI;svAxiH}	aBihiwa_karwA,3.1;sakarmaka	-	2	1	04	upaniRax	ISAvAsyopaniRax	-
5.1	pUrvam	-	pUrvam	pUrva{puM;2;eka}/pUrva{sarvanAma;puM;2;eka}/pUrva{sarvanAma;napuM;1;eka}/pUrva{sarvanAma;napuM;2;eka}	pUrva{puM;2;eka}	kAlAXikaraNam,6.1	viSeRaNam,2.1#karma,4.1#kAlAXikaraNam,4.1	2	1	04	upaniRax	ISAvAsyopaniRax	-
6.1	arRaw(ArRa)	-	arRaw	qR{Sawq;puM;2;eka}	qR{Sawq;puM;2;eka}	viSeRaNam,2.1	varwamAnasamAnakAlaH,4.1	2	1	04	upaniRax	ISAvAsyopaniRax	-
1.1	waw	-	waw	wax{sarvanAma;napuM;1;eka}/wax{sarvanAma;napuM;2;eka}	wax{sarvanAma;napuM;1;eka}	karwA,4.1	viSeRaNam,5.1#karma,4.1#karma,2.1#karwA,4.1	3	1	04	upaniRax	ISAvAsyopaniRax	-
2.1	XAvawaH	-	XAvawaH	XAv1{karwari;lat;pra;xvi;parasmEpaxI;BvAxiH}/XAvaw{puM;2;bahu(XAv1;Sawq_lat;BvAxiH)}/XAvaw{puM;5;eka(XAv1;Sawq_lat;BvAxiH)}/XAvaw{puM;6;eka(XAv1;Sawq_lat;BvAxiH)}/XAvaw{napuM;5;eka(XAv1;Sawq_lat;BvAxiH)}/XAvaw{napuM;6;eka(XAv1;Sawq_lat;BvAxiH)}	XAvaw{puM;2;bahu(XAv1;Sawq_lat;BvAxiH)}	viSeRaNam,3.1	wulanA_binxuH,3.1#hewuH5,5.1#hewuH5,4.1#viSeRaNam,3.1#karma,4.1	3	1	04	upaniRax	ISAvAsyopaniRax	-
3.1	anyAn	-	anyAn	anya{sarvanAma;puM;2;bahu}	anya{sarvanAma;puM;2;bahu}	karma,4.1	viSeRaNam,2.1#karma,4.1#karma,2.1	3	1	04	upaniRax	ISAvAsyopaniRax	-
4.1	awyewi	-	awyewi	awi_i1{karwari;lat;pra;eka;parasmEpaxI;axAxiH}	awi_i1{karwari;lat;pra;eka;parasmEpaxI;axAxiH}	aBihiwa_karwA	-	3	1	04	upaniRax	ISAvAsyopaniRax	-
5.1	wiRTaw	-	wiRTaw	wiRTaw{napuM;1;eka(RWA1;Sawq_lat;BvAxiH)}/wiRTaw{napuM;2;eka(RWA1;Sawq_lat;BvAxiH)}	wiRTaw{napuM;1;eka(RWA1;Sawq_lat;BvAxiH)}	varwamAnasamAnakAlaH,4.1	viSeRaNam,1.1#karma,4.1#karma,2.1#varwamAnasamAnakAlaH,4.1#karwA,4.1	3	1	04	upaniRax	ISAvAsyopaniRax	-
6.1	.	-	.	-	-	-	-	3	1	04	upaniRax	ISAvAsyopaniRax	-
1.1	wasmin	-	wasmin	wax{sarvanAma;puM;7;eka}/wax{sarvanAma;napuM;7;eka}	wax{sarvanAma;puM;7;eka}	BAvalakRaNasapwamI_samAnakAlaH,4.1	aXikaraNam,4.1#BAvalakRaNasapwamI_samAnakAlaH,4.1	4	1	04	upaniRax	ISAvAsyopaniRax	-
2.1	apaH	-	apaH	ap{swrI;1;bahu}	ap{swrI;1;bahu}	karwA,5.1	karwA,5.1	4	1	04	upaniRax	ISAvAsyopaniRax	-
3.1	mAwariSvA	-	mAwariSvA	mAwariSvan{puM;1;eka}	mAwariSvan{puM;1;eka}	karwA,4.1	karwA,4.1	4	1	04	upaniRax	ISAvAsyopaniRax	-
4.1	xaXAwi	-	xaXAwi	XA1{karwari;lat;pra;eka;parasmEpaxI;juhowyAxiH}	XA1{karwari;lat;pra;eka;parasmEpaxI;juhowyAxiH}	aBihiwa_karwA	-	4	1	04	upaniRax	ISAvAsyopaniRax	-
5.1	(xaXAwi)	-	xaXAwi	XA1{karwari;lat;pra;eka;parasmEpaxI;juhowyAxiH}	XA1{karwari;lat;pra;eka;parasmEpaxI;juhowyAxiH}	aBihiwa_karwA	-	4	1	04	upaniRax	ISAvAsyopaniRax	-
6.1	(karmANi)	-	karmANi	karman{napu;2;eka}	karman{napu;2;eka}	karma,5.1	karma,5.1	4	1	04	upaniRax	ISAvAsyopaniRax	-
7.1	(karmANi)	-	karmANi	karman{napu;2;eka}	karman{napu;2;eka}	karma,4.1	karma,4.1	4	1	04	upaniRax	ISAvAsyopaniRax	-
1.1	waw	-	waw	wax{sarvanAma;napuM;1;eka}/wax{sarvanAma;napuM;2;eka}	wax{sarvanAma;napuM;1;eka}	karwA,2.1	karwA,2.1	1	1	05	upaniRax	ISAvAsyopaniRax	-
2.1	ejawi	-	ejawi	ej1{karwari;lat;pra;eka;parasmEpaxI;BvAxiH}	ej1{karwari;lat;pra;eka;parasmEpaxI;BvAxiH}	aBihiwa_karwA	-	1	1	05	upaniRax	ISAvAsyopaniRax	-
3.1	.	-	.	-	-	-	-	1	1	05	upaniRax	ISAvAsyopaniRax	-
1.1	waw	-	waw	wax{sarvanAma;napuM;1;eka}/wax{sarvanAma;napuM;2;eka}	wax{sarvanAma;napuM;1;eka}	karwA,3.1	karwA,3.1	2	1	05	upaniRax	ISAvAsyopaniRax	-
2.1	na	-	na	na{avya}	na{avya}	prawiReXaH,3.1	prawiReXaH,3.1	2	1	05	upaniRax	ISAvAsyopaniRax	-
3.1	ejawi	-	ejawi	ej1{karwari;lat;pra;eka;parasmEpaxI;BvAxiH}	ej1{karwari;lat;pra;eka;parasmEpaxI;BvAxiH}	aBihiwa_karwA	-	2	1	05	upaniRax	ISAvAsyopaniRax	-
4.1	.	-	.	-	-	-	-	2	1	05	upaniRax	ISAvAsyopaniRax	-
1.1	waw	-	waw	wax{sarvanAma;napuM;1;eka}/wax{sarvanAma;napuM;2;eka}	wax{sarvanAma;napuM;1;eka}	karwA,3.1	karwA,3.1	3	1	05	upaniRax	ISAvAsyopaniRax	-
2.1	xUre	-	xUre	xUra{puM;7;eka}/xUra{napuM;7;eka}	xUra{puM;7;eka}	aXikaraNam,3.1	xeSAXikaraNam_upa,3.1#aXikaraNam,3.1	3	1	05	upaniRax	ISAvAsyopaniRax	-
3.1	aswi	-	aswi	as2{karwari;lat;pra;eka;parasmEpaxI;axAxiH}	as2{karwari;lat;pra;eka;parasmEpaxI;axAxiH}	aBihiwa_karwA,1.1	-	3	1	05	upaniRax	ISAvAsyopaniRax	-
4.1	.	-	.	-	-	-	-	3	1	05	upaniRax	ISAvAsyopaniRax	-
1.1	waw	-	waw	wax{sarvanAma;napuM;1;eka}/wax{sarvanAma;napuM;2;eka}	wax{sarvanAma;napuM;1;eka}	karwA,4.1	karwA,4.1	4	1	05	upaniRax	ISAvAsyopaniRax	-
2.1	u	-	u	u{avya}	u{avya}	sambanXaH,3.1	sambanXaH,3.1	4	1	05	upaniRax	ISAvAsyopaniRax	-
3.1	anwike	-	anwike	anwikA{swrI;8;eka}/anwika{puM;7;eka}	anwika{puM;7;eka}	aXikaraNam,4.1	xeSAXikaraNam_upa,4.1#kriyAviSeRaNam,4.1#aXikaraNam,4.1	4	1	05	upaniRax	ISAvAsyopaniRax	-
4.1	aswi	-	aswi	as2{karwari;lat;pra;eka;parasmEpaxI;axAxiH}	as2{karwari;lat;pra;eka;parasmEpaxI;axAxiH}	aBihiwa_karwA,1.1	-	4	1	05	upaniRax	ISAvAsyopaniRax	-
5.1	.	-	.	-	-	-	-	4	1	05	upaniRax	ISAvAsyopaniRax	-
1.1	waw	-	waw	wax{sarvanAma;napuM;1;eka}/wax{sarvanAma;napuM;2;eka}	wax{sarvanAma;napuM;1;eka}	karwA,5.1	karma,3.1#karwA,5.1	5	1	05	upaniRax	ISAvAsyopaniRax	-
2.1	anwaH	-	anwaH	anwaH{avya}/anwa{puM;1;eka}	anwaH{avya}	aXikaraNam,5.1	viXeya_viSeRaNam,5.1#karwA_be_verbs,5.1#xeSAXikaraNam_upa,5.1#xeSAXikaraNam_upa,3.1#aXikaraNam,5.1	5	1	05	upaniRax	ISAvAsyopaniRax	-
3.1	asya	-	asya	ixam{sarvanAma;puM;6;eka}/ixam{sarvanAma;napuM;6;eka}/as3{karwari;lot;ma;eka;parasmEpaxI;xivAxiH}	ixam{sarvanAma;puM;6;eka}	viSeRaNam,4.1	viSeRaNam,4.1#RaRTIsambanXaH,2.1	5	1	05	upaniRax	ISAvAsyopaniRax	-
4.1	sarvasya	-	sarvasya	sarva{sarvanAma;puM;6;eka}/sarva{sarvanAma;napuM;6;eka}	sarva{sarvanAma;puM;6;eka}	RaRTIsambanXaH,2.1	RaRTIsambanXaH,2.1	5	1	05	upaniRax	ISAvAsyopaniRax	-
5.1	aswi	-	aswi	as2{karwari;lat;pra;eka;parasmEpaxI;axAxiH}	as2{karwari;lat;pra;eka;parasmEpaxI;axAxiH}	aBihiwa_karwA,1.1	-	5	1	05	upaniRax	ISAvAsyopaniRax	-
6.1	.	-	.	-	-	-	-	5	1	05	upaniRax	ISAvAsyopaniRax	-
1.1	waw	-	waw	wax{sarvanAma;napuM;1;eka}/wax{sarvanAma;napuM;2;eka}	wax{sarvanAma;napuM;1;eka}	karwA,6.1	karma,4.1#karwA,6.1	6	1	05	upaniRax	ISAvAsyopaniRax	-
2.1	u	-	u	u{avya}	u{avya}	sambanXaH,5.1	sambanXaH,5.1	6	1	05	upaniRax	ISAvAsyopaniRax	-
3.1	sarvasya	-	sarvasya	sarva{sarvanAma;puM;6;eka}/sarva{sarvanAma;napuM;6;eka}	sarva{sarvanAma;puM;6;eka}	RaRTIsambanXaH,5.1	RaRTIsambanXaH,5.1	6	1	05	upaniRax	ISAvAsyopaniRax	-
4.1	asya	-	asya	ixam{sarvanAma;puM;6;eka}/ixam{sarvanAma;napuM;6;eka}/as3{karwari;lot;ma;eka;parasmEpaxI;xivAxiH}	ixam{sarvanAma;puM;6;eka}	viSeRaNam,3.1	viSeRaNam,3.1	6	1	05	upaniRax	ISAvAsyopaniRax	-
5.1	bAhyawaH	-	bAhyawaH	bAhya{wasil;avya}	bAhya{wasil;avya}	aXikaraNam,6.1	viXeya_viSeRaNam,6.1#aXikaraNam,6.1	6	1	05	upaniRax	ISAvAsyopaniRax	-
6.1	aswi	-	aswi	as2{karwari;lat;pra;eka;parasmEpaxI;axAxiH}	as2{karwari;lat;pra;eka;parasmEpaxI;axAxiH}	aBihiwa_karwA,1.1	-	6	1	05	upaniRax	ISAvAsyopaniRax	-
7.1	.	-	.	-	-	-	-	6	1	05	upaniRax	ISAvAsyopaniRax	-
1.1	yaH	-	yaH	yax{sarvanAma;puM;1;eka}	yax{sarvanAma;puM;1;eka}	karwA,7.1	karwA,7.1	1	1	06	upaniRax	ISAvAsyopaniRax	-
10.1	AwmAnam	-	AwmAnam	Awman{puM;2;eka}	Awman{puM;2;eka}	karma,14.1	karma,14.1	1	1	06	upaniRax	ISAvAsyopaniRax	-
11.1	wawaH	-	wawaH	wawaH{wasil;avya}	wawaH{wasil;avya}	sambanXaH,13.1	sambanXaH,13.1#apAxAnam,7.1#hewuH5,13.1	1	1	06	upaniRax	ISAvAsyopaniRax	-
12.1	na	-	na	na{avya}	na{avya}	prawiReXaH,13.1	prawiReXaH,13.1	1	1	06	upaniRax	ISAvAsyopaniRax	-
13.1	vijugupsawe	-	vijugupsawe	vi_gup1{karwari;lat;pra;eka;AwmanepaxI;BvAxiH}	vi_gup1{karwari;lat;pra;eka;AwmanepaxI;BvAxiH}	aBihiwa_karwA	-	1	1	06	upaniRax	ISAvAsyopaniRax	-
14.1	(anupaSyawi)	-	anupaSyawi	anu_xqS1{karwari;lat;pra;eka;parasmEpaxI;BvAxiH}/anupaSyaw{puM;7;eka(anu_xqS1;Sawq_lat;BvAxiH)}/anupaSyaw{napuM;7;eka(anu_xqS1;Sawq_lat;BvAxiH)}	anu_xqS1{karwari;lat;pra;eka;parasmEpaxI;BvAxiH}	aBihiwa_karwA	-	1	1	06	upaniRax	ISAvAsyopaniRax	-
15.1	(yaH)	-	yaH	yax{sarvanAma;puM;1;eka}	yax{sarvanAma;puM;1;eka}	karwA,14.1	karwA,14.1	1	1	06	upaniRax	ISAvAsyopaniRax	-
16.1	(saH)	-	-	wax{sarva;puM;1;eka}	wax{sarva;puM;1;eka}	karwA,13.1	karwA,13.1	1	1	06	upaniRax	ISAvAsyopaniRax	-
2.1	wu	-	wu	wu{avya}	wu{avya}	sambanXaH,7.1	sambanXaH,7.1	1	1	06	upaniRax	ISAvAsyopaniRax	-
3.1	sarvANi	-	sarvANi	sarva{sarvanAma;napuM;1;bahu}/sarva{sarvanAma;napuM;2;bahu}/sarvANI{swrI;8;eka}	sarva{sarvanAma;napuM;2;bahu}	viSeRaNam,4.1	viSeRaNam,4.1#karma,7.1	1	1	06	upaniRax	ISAvAsyopaniRax	-
4.1	BUwAni	-	BUwAni	BUwa{napuM;1;bahu}/BUwa{napuM;2;bahu}/BUwa{napuM;1;bahu(BU1;kwa;BvAxiH)}/BUwa{napuM;2;bahu(BU1;kwa;BvAxiH)}	BUwa{napuM;2;bahu(BU1;kwa;BvAxiH)}	karma,7.1	viSeRaNam,3.1#karma,7.1	1	1	06	upaniRax	ISAvAsyopaniRax	-
5.1	Awman(Awmani)	-	Awmani	Awman{puM;7;eka}	Awman{puM;7;eka}	viRayAXikaraNam,7.1	viSeRaNam,7.1#aXikaraNam,7.1#aXikaraNam,4.1#viRayAXikaraNam,7.1	1	1	06	upaniRax	ISAvAsyopaniRax	-
6.1	eva	-	eva	eva{avya}	eva{avya}	sambanXaH,7.1	sambanXaH,7.1	1	1	06	upaniRax	ISAvAsyopaniRax	-
7.1	anupaSyawi	-	anupaSyawi	anu_xqS1{karwari;lat;pra;eka;parasmEpaxI;BvAxiH}/anupaSyaw{puM;7;eka(anu_xqS1;Sawq_lat;BvAxiH)}/anupaSyaw{napuM;7;eka(anu_xqS1;Sawq_lat;BvAxiH)}	anu_xqS1{karwari;lat;pra;eka;parasmEpaxI;BvAxiH}	aBihiwa_karwA	BAvalakRaNasapwamI_samAnakAlaH,4.1	1	1	06	upaniRax	ISAvAsyopaniRax	-
8.1	sarva-	-	sarva-BUweRu	sarva	sarva	karmaXArayaH,8.2	karmaXArayaH,8.2	1	1	06	upaniRax	ISAvAsyopaniRax	-
8.2	BUweRu	-	-	BUwa{napu;7;bahu}	BUwa{napu;7;bahu}	viRayAXikaraNam,14.1	viRayAXikaraNam,14.1	1	1	06	upaniRax	ISAvAsyopaniRax	-
9.1	ca	-	ca	ca{avya}	ca{avya}	sambanXaH,14.1	sambanXaH,14.1	1	1	06	upaniRax	ISAvAsyopaniRax	-
1.1	yasmin	1	yasmin	yax{sarvanAma;puM;7;eka}/yax{sarvanAma;napuM;7;eka}	yax{sarvanAma;puM;7;eka}	aXikaraNam,6.1	aXikaraNam,14.1#aXikaraNam,7.1#aXikaraNam,6.1#aXikaraNam,3.1#BkarwA,14.1#BkarwA,7.1	1	1	07	upaniRax	ISAvAsyopaniRax	-
10.1	mohaH	12	mohaH	moha{puM;1;eka}	moha{puM;1;eka}	samucciwaH,12.1	viXeya_viSeRaNam,9.1#viXeya_viSeRaNam,4.1#viSeRaNam,12.1#viSeRaNam,11.1#karwA_be_verbs,6.1	1	1	07	upaniRax	ISAvAsyopaniRax	-
11.1	kaH	13	kaH	kim{sarvanAma;puM;1;eka}	kim{sarvanAma;puM;1;eka}	viXeya_viSeRaNam,12.1	viXeya_viSeRaNam,10.1#viXeya_viSeRaNam,9.1#viXeya_viSeRaNam,4.1#viSeRaNam,12.1#karwA_be_verbs,6.1	1	1	07	upaniRax	ISAvAsyopaniRax	-
12.1	SokaH	14	SokaH	Soka{puM;1;eka}	Soka{puM;1;eka}	karwA,16.1	viXeya_viSeRaNam,11.1#viXeya_viSeRaNam,10.1#viXeya_viSeRaNam,9.1#viXeya_viSeRaNam,4.1#karwA_be_verbs,6.1	1	1	07	upaniRax	ISAvAsyopaniRax	-
13.1	ekawvam	9	ekawvam	ekawva{napuM;1;eka}/ekawva{napuM;2;eka}	ekawva{napuM;2;eka}	karma,14.1	karma,14.1	1	1	07	upaniRax	ISAvAsyopaniRax	-
14.1	anupaSyawaH	10	anupaSyawaH	anu_xqS1{karwari;lat;pra;xvi;parasmEpaxI;BvAxiH}/anupaSyaw{puM;2;bahu(anu_xqS1;Sawq_lat;BvAxiH)}/anupaSyaw{puM;5;eka(anu_xqS1;Sawq_lat;BvAxiH)}/anupaSyaw{puM;6;eka(anu_xqS1;Sawq_lat;BvAxiH)}/anupaSyaw{napuM;5;eka(anu_xqS1;Sawq_lat;BvAxiH)}/anupaSyaw{napuM;6;eka(anu_xqS1;Sawq_lat;BvAxiH)}	anupaSyaw{puM;6;eka(anu_xqS1;Sawq_lat;BvAxiH)}	RaRTIsambanXaH,12.1	viSeRaNam,7.1#RaRTIsambanXaH,12.1#RaRTIsambanXaH,10.1#RaRTIsambanXaH,3.1#RaRTIsambanXaH,2.1#BAvalakRaNasapwamI_samAnakAlaH,6.1#BAvalakRaNasapwamI_samAnakAlaH,3.1#hewuH5,7.1#hewuH5,6.1#hewuH5,3.1#karma,7.1	1	1	07	upaniRax	ISAvAsyopaniRax	-
15.1	(ca)	15	ca	ca{avya}	ca{avya}	sup_samuccaya_xyowakaH,12.1	sup_samuccaya_xyowakaH,14.1#sambanXaH,14.1	1	1	07	upaniRax	ISAvAsyopaniRax	-
16.1	(aswi)	16	.	as{karwari;lat;pra;eka;parasmEpaxI;axAxiH}	as{karwari;lat;pra;eka;parasmEpaxI;axAxiH}	-	-	1	1	07	upaniRax	ISAvAsyopaniRax	-
2.1	sarvANi	4	sarvANi	sarva{sarvanAma;napuM;1;bahu}/sarva{sarvanAma;napuM;2;bahu}/sarvANI{swrI;8;eka}	sarva{sarvanAma;napuM;1;bahu}	viSeRaNam,3.1	viSeRaNam,3.1#sup_samucciwaH,14.1#karma,7.1#karwA_be_verbs,3.1	1	1	07	upaniRax	ISAvAsyopaniRax	-
3.1	BUwAni	5	BUwAni	BUwa{napuM;1;bahu}/BUwa{napuM;2;bahu}/BUwa{napuM;1;bahu(BU1;kwa;BvAxiH)}/BUwa{napuM;2;bahu(BU1;kwa;BvAxiH)}	BUwa{napuM;1;bahu}	karma,6.1	viSeRaNam,2.1#karma,7.1#sup_samucciwaH,14.1	1	1	07	upaniRax	ISAvAsyopaniRax	-
4.1	AwmA	3	AwmA	Awman{puM;1;eka}	Awman{puM;1;eka}	karwA,6.1	viSeRaNam,12.1#viSeRaNam,10.1#karwA_be_verbs,6.1	1	1	07	upaniRax	ISAvAsyopaniRax	-
5.1	eva	6	eva	eva{avya}	eva{avya}	sambanXaH,4.1	sambanXaH,4.1	1	1	07	upaniRax	ISAvAsyopaniRax	-
6.1	aBUw	7	aBUw	BU1{karwari;luf;pra;eka;parasmEpaxI;BvAxiH}	BU1{karwari;luf;pra;eka;parasmEpaxI;BvAxiH}	-	-	1	1	07	upaniRax	ISAvAsyopaniRax	-
7.1	vijAnawaH	2	vijAnawaH	vijAnaw{puM;2;bahu(vi_jFA1;Sawq_lat;kryAxiH)}/vijAnaw{puM;5;eka(vi_jFA1;Sawq_lat;kryAxiH)}/vijAnaw{puM;6;eka(vi_jFA1;Sawq_lat;kryAxiH)}/vijAnaw{napuM;5;eka(vi_jFA1;Sawq_lat;kryAxiH)}/vijAnaw{napuM;6;eka(vi_jFA1;Sawq_lat;kryAxiH)}	vijAnaw{puM;2;bahu(vi_jFA1;Sawq_lat;kryAxiH)}	RaRTIsambanXaH,4.1	viSeRaNam,14.1#sup_samucciwaH,14.1#RaRTIsambanXaH,12.1#RaRTIsambanXaH,10.1#RaRTIsambanXaH,3.1#RaRTIsambanXaH,2.1#BAvalakRaNasapwamI_samAnakAlaH,14.1#BAvalakRaNasapwamI_samAnakAlaH,6.1#BAvalakRaNasapwamI_samAnakAlaH,3.1#hewuH5,14.1#hewuH5,6.1#hewuH5,3.1#apAxAnam,14.1#karma,14.1	1	1	07	upaniRax	ISAvAsyopaniRax	-
8.1	wawra	8	wawra	wawra{avya}	wawra{avya}	xeSAXikaraNam,16.1	xeSAXikaraNam,14.1#xeSAXikaraNam,6.1#xeSAXikaraNam,3.1	1	1	07	upaniRax	ISAvAsyopaniRax	-
9.1	kaH	11	kaH	kim{sarvanAma;puM;1;eka}	kim{sarvanAma;puM;1;eka}	viXeya_viSeRaNam,10.1	viXeya_viSeRaNam,4.1#viSeRaNam,12.1#viSeRaNam,10.1#karwA_be_verbs,6.1	1	1	07	upaniRax	ISAvAsyopaniRax	-
1.1	saH	-	saH	wax{sarvanAma;puM;1;eka}	wax{sarvanAma;puM;1;eka}	-	viSeRaNam,12.2#viSeRaNam,11.1#viSeRaNam,10.1#viSeRaNam,9.1#karwA,2.1	1	1	08	upaniRax	ISAvAsyopaniRax	-
10.1	manIRI	-	manIRI	manIRin{puM;1;eka}	manIRin{puM;1;eka}	-	karwA,15.1	1	1	08	upaniRax	ISAvAsyopaniRax	-
11.1	pariBUH	-	pariBUH	pariBU{puM;1;eka}/pariBU{swrI;1;eka}/pariBU{swrI;2;bahu}	pariBU{puM;1;eka}	-	karmasamAnAXikaraNam,14.1#karma,15.1#karwA,15.1	1	1	08	upaniRax	ISAvAsyopaniRax	-
12.1	svayam-	-	svayam-BU	svayam	svayam	-	bahuvrIhiH,12.2#RaRTI_wawpuruRaH,12.2	1	1	08	upaniRax	ISAvAsyopaniRax	-
12.2	BUH	-	--	BU{swrI;1;eka}/BU{swrI;8;eka}/BU{puM;8;eka}/BU{puM;1;eka}	BU{swrI;1;eka}	-	viSeRaNam,11.1#viSeRaNam,10.1#viSeRaNam,9.1#karwA,15.1	1	1	08	upaniRax	ISAvAsyopaniRax	-
13.1	yAWAwaWyawaH	-	yAWAwaWyawaH	yAWAwaWya{avya;wasil}	yAWAwaWya{avya;wasil}	-	hewuH5,15.1#hewuH5,8.3#hewuH5,2.1	1	1	08	upaniRax	ISAvAsyopaniRax	-
14.1	arWAn	-	arWAn	arWa{puM;2;bahu}	arWa{puM;2;bahu}	-	karmasamAnAXikaraNam,11.1#karma,15.1	1	1	08	upaniRax	ISAvAsyopaniRax	-
15.1	vyaxaXAw	-	vyaxaXAw	vi_XA1{karwari;laf;pra;eka;parasmEpaxI;juhowyAxiH}	vi_XA1{karwari;laf;pra;eka;parasmEpaxI;juhowyAxiH}	-	-	1	1	08	upaniRax	ISAvAsyopaniRax	-
16.1	SASvawIByaH	-	SASvawIByaH	SASvawI{swrI;4;bahu}/SASvawI{swrI;5;bahu}	SASvawI{swrI;4;bahu}	-	viSeRaNam,17.1#hewuH5,15.1#hewuH5,8.3#hewuH5,2.1#prayojanam1,15.1#prayojanam1,8.3#prayojanam1,2.1	1	1	08	upaniRax	ISAvAsyopaniRax	-
17.1	samAByaH	-	samAByaH	samA{swrI;4;bahu}/samA{swrI;5;bahu}/samA{sarvanAma;swrI;4;bahu}/samA{sarvanAma;swrI;5;bahu}	samA{swrI;4;bahu}	-	viSeRaNam,16.1#hewuH5,15.1#hewuH5,8.3#hewuH5,2.1#prayojanam1,15.1#prayojanam1,8.3#prayojanam1,2.1	1	1	08	upaniRax	ISAvAsyopaniRax	-
18.1	.	-	.	-	-	-	-	1	1	08	upaniRax	ISAvAsyopaniRax	-
2.1	paryagAw	-	paryagAw	pari_i1{karwari;luf;pra;eka;parasmEpaxI;axAxiH}	pari_i1{karwari;luf;pra;eka;parasmEpaxI;axAxiH}	-	-	1	1	08	upaniRax	ISAvAsyopaniRax	-
3.1	Sukram	-	Sukram	Sukra{napuM;1;eka}/Sukra{napuM;2;eka}	Sukra{napuM;1;eka}	-	karmasamAnAXikaraNam,8.3#karmasamAnAXikaraNam,7.1#karmasamAnAXikaraNam,5.2#karmasamAnAXikaraNam,4.2#karwA,2.1	1	1	08	upaniRax	ISAvAsyopaniRax	-
4.1	a-	-	a-kAya	a	a	-	naF_wawpuruRaH,4.2	1	1	08	upaniRax	ISAvAsyopaniRax	-
4.2	kAyam	-	--	kAya{puM;2;eka}/kAya{napuM;1;eka}/kAya{napuM;2;eka}	kAya{puM;2;eka}	-	viSeRaNam,8.3#viSeRaNam,7.1#viSeRaNam,5.2#viSeRaNam,3.1#karmasamAnAXikaraNam,8.3#karmasamAnAXikaraNam,7.1#karmasamAnAXikaraNam,5.2#karmasamAnAXikaraNam,3.1#karwA,2.1	1	1	08	upaniRax	ISAvAsyopaniRax	-
5.1	a-	-	a-vraNa	a	a	-	naF_wawpuruRaH,5.2	1	1	08	upaniRax	ISAvAsyopaniRax	-
5.2	vraNam	-	--	vraNa{puM;2;eka}/vraNa{napuM;1;eka}/vraNa{napuM;2;eka}	vraNa{puM;2;eka}	-	viSeRaNam,8.3#viSeRaNam,7.1#viSeRaNam,4.2#viSeRaNam,3.1#karmasamAnAXikaraNam,8.3#karmasamAnAXikaraNam,7.1#karmasamAnAXikaraNam,4.2#karmasamAnAXikaraNam,3.1#karwA,2.1	1	1	08	upaniRax	ISAvAsyopaniRax	-
6.1	a-	-	a-	a	a	-	-	1	1	08	upaniRax	ISAvAsyopaniRax	-
6.2	snAviram	-	--	-	-	-	-	1	1	08	upaniRax	ISAvAsyopaniRax	-
7.1	SuxXam	-	SuxXam	SuxXa{puM;2;eka}/SuxXa{napuM;1;eka}/SuxXa{napuM;2;eka}	SuxXa{puM;2;eka}	-	viSeRaNam,8.3#viSeRaNam,5.2#viSeRaNam,4.2#viSeRaNam,3.1#karmasamAnAXikaraNam,8.3#karmasamAnAXikaraNam,5.2#karmasamAnAXikaraNam,4.2#karmasamAnAXikaraNam,3.1#karwA,2.1	1	1	08	upaniRax	ISAvAsyopaniRax	-
8.1	a-	-	a-pApa-vixXa	a	a	-	naF_wawpuruRaH,8.3	1	1	08	upaniRax	ISAvAsyopaniRax	-
8.2	pApa-	-	--	pApa	pApa	-	karmaXArayaH_3,8.3#karmaXArayaH_2,8.3	1	1	08	upaniRax	ISAvAsyopaniRax	-
8.3	vixXam	-	--	vixXa{puM;2;eka(vyaX1;kwa;xivAxiH)}/vixXa{napuM;1;eka(vyaX1;kwa;xivAxiH)}/vixXa{napuM;2;eka(vyaX1;kwa;xivAxiH)}	vixXa{puM;2;eka(vyaX1;kwa;xivAxiH)}	-	viSeRaNam,7.1#viSeRaNam,5.2#viSeRaNam,4.2#viSeRaNam,3.1#karmasamAnAXikaraNam,7.1#karmasamAnAXikaraNam,5.2#karmasamAnAXikaraNam,4.2#karmasamAnAXikaraNam,3.1#karma,15.1#karwA,15.1#karwA,2.1	1	1	08	upaniRax	ISAvAsyopaniRax	-
9.1	kaviH	-	kaviH	kavi{puM;1;eka}	kavi{puM;1;eka}	-	karwA,15.1#karwA,2.1	1	1	08	upaniRax	ISAvAsyopaniRax	-
1.1	anXam	5.1	anXaM	anXa{puM;2;eka}/anXa{napuM;1;eka}/anXa{napuM;2;eka}	anXa{napuM;2;eka}	viSeRaNam,2.1	viSeRaNam,2.1#karma,6.1#karma,3.1	1	1	09	upaniRax	ISAvAsyopaniRax	-
2.1	wamaH	6.1	wamaH	wama{puM;1;eka}/wamas{napuM;1;eka}/wamas{napuM;2;eka}/wamas{napuM;8;eka}	wamas{napuM;2;eka}	karma,3.1	karma,6.1#karma,3.1	1	1	09	upaniRax	ISAvAsyopaniRax	-
3.1	praviSanwi	7.1	praviSanwi	pra_viS1{karwari;lat;pra;bahu;parasmEpaxI;wuxAxiH}/praviSaw{napuM;1;bahu(pra_viS1;Sawq_lat;wuxAxiH)}/praviSaw{napuM;2;bahu(pra_viS1;Sawq_lat;wuxAxiH)}	pra_viS1{karwari;lat;pra;bahu;parasmEpaxI;wuxAxiH}	aBihiwa_karwA,7.1;sakarmaka	karma,6.1#varwamAnasamAnakAlaH,6.1#karwA,6.1#aBihiwa_karwA,7.1;sakarmaka	1	1	09	upaniRax	ISAvAsyopaniRax	-
4.1	ye	1.1	ye	yax{sarvanAma;puM;1;bahu}/yax{sarvanAma;napuM;1;xvi}/yax{sarvanAma;napuM;2;xvi}/yax{sarvanAma;swrI;1;xvi}/yax{sarvanAma;swrI;2;xvi}	yax{sarvanAma;puM;1;bahu}	karwA,6.1;niwya_sambanXaH,7.1	karma,6.1#karwA,6.1#niwya_sambanXaH,7.1	1	1	09	upaniRax	ISAvAsyopaniRax	-
5.1	avixyAm	2.1	avixyAm	avixyA{swrI;2;eka}	avixyA{swrI;2;eka}	karma,6.1	karma,6.1	1	1	09	upaniRax	ISAvAsyopaniRax	-
6.1	upAsawe	3.1	upAsawe	upa_As1{karwari;lat;pra;bahu;AwmanepaxI;axAxiH}/upAsaw{puM;4;eka(upa_As1;Sawq_lat;axAxiH)}/upAsaw{napuM;4;eka(upa_As1;Sawq_lat;axAxiH)}	upa_As1{karwari;lat;pra;bahu;AwmanepaxI;axAxiH}	aBihiwa_karwA,4.1;sakarmaka	aBihiwa_karwA,4.1;sakarmaka	1	1	09	upaniRax	ISAvAsyopaniRax	-
7.1	(we)	4.1	.	wax{sarvanAma;puM;1;bahu}/wax{sarvanAma;napuM;1;xvi}/wax{sarvanAma;napuM;2;xvi}/wax{sarvanAma;swrI;1;xvi}/wax{sarvanAma;swrI;2;xvi}	wax{sarvanAma;puM;1;bahu}	karwA,3.1	karwA,3.1	1	1	09	upaniRax	ISAvAsyopaniRax	-
1.1	wawaH	8.1	wawaH	wawaH{avya}	wawaH{avya}	wulanA_binxuH,2.1	sambanXaH,9.1#kArya_xyowakaH,9.1#wulanA_binxuH,2.1	2	1	09	upaniRax	ISAvAsyopaniRax	-
10.1	(praviSanwi)	17.1	.	pra_viS{karwari;lat;pra;bahu;parasmEpaxI;viSaz;wuxAxiH}/pra_viS1{Sawq;lat;viSaz;wuxAxiH(praviSaw;nA;napuM;1;bahu)}/pra_viS1{Sawq;lat;viSaz;wuxAxiH(praviSaw;nA;napuM;2;bahu)}/pra_viS1{Sawq;lat;viSaz;wuxAxiH(praviSaw;nA;napuM;8;bahu)}	-	-	-	2	1	09	upaniRax	ISAvAsyopaniRax	-
2.1	BUyaH	13.1	BUyaH	BUyaH{avya}/BUyas{napuM;1;eka}/BUyas{napuM;2;eka}/BUyas{napuM;8;eka}	BUyas{napuM;2;eka}	viSeRaNam,5.1	viSeRaNam,5.1#gawikarma,9.1#kriyAviSeRaNam,9.1	2	1	09	upaniRax	ISAvAsyopaniRax	-
3.1	iva	14.1	iva	iva{avya}	iva{avya}	sambanXaH,2.1	upamAnam_rahiwa_upamAna_xyowakaH,4.1#sambanXaH,2.1	2	1	09	upaniRax	ISAvAsyopaniRax	-
4.1	we	15.1	we	wax{sarvanAma;puM;1;bahu}/wax{sarvanAma;napuM;1;xvi}/wax{sarvanAma;napuM;2;xvi}/wax{sarvanAma;swrI;1;xvi}/wax{sarvanAma;swrI;2;xvi}/yuRmax{sarvanAma;6;eka}/yuRmax{sarvanAma;4;eka}	yuRmax{sarvanAma;4;eka}	karwA,10.1	prayojanam1,9.1#RaRTIsambanXaH,8.1#RaRTIsambanXaH,5.1#RaRTIsambanXaH,2.1#viSeRaNam,6.1#gawikarma,9.1#viSeRaNam,9.1#gawikarwA,9.1#karwA,10.1	2	1	09	upaniRax	ISAvAsyopaniRax	-
5.1	wamaH	16.1	wamaH	wama{puM;1;eka}/wamas{napuM;1;eka}/wamas{napuM;2;eka}/wamas{napuM;8;eka}	wamas{napuM;2;eka}	karma,10.1	gawikarma,9.1#karma,10.1	2	1	09	upaniRax	ISAvAsyopaniRax	-
6.1	ye	9.1	ye	yax{sarvanAma;puM;1;bahu}/yax{sarvanAma;napuM;1;xvi}/yax{sarvanAma;napuM;2;xvi}/yax{sarvanAma;swrI;1;xvi}/yax{sarvanAma;swrI;2;xvi}	yax{sarvanAma;puM;1;bahu}	karwA,9.1;niwya_sambanXaH,4.1	niwya_sambanXaH1,4.1#gawikarma,9.1#viSeRaNam,9.1#gawikarwA,9.1	2	1	09	upaniRax	ISAvAsyopaniRax	-
7.1	u	10.1	u	u{avya}	u{avya}	sambanXaH,10.1	sambanXaH,10.1	2	1	09	upaniRax	ISAvAsyopaniRax	-
8.1	vixyAyAM	11.1	vixyAyAM	vixyA{swrI;7;eka}	vixyA{swrI;7;eka}	aXikaraNam,9.1	aXikaraNam,9.1	2	1	09	upaniRax	ISAvAsyopaniRax	-
9.1	rawAH	12.1	rawAH	rawa{puM;1;bahu(ram1;kwa;BvAxiH)}/rawA{swrI;1;bahu(ram1;kwa;BvAxiH)}/rawA{swrI;2;bahu(ram1;kwa;BvAxiH)}	rawa{puM;1;bahu(ram1;kwa;BvAxiH)}	-	-	2	1	09	upaniRax	ISAvAsyopaniRax	-
1.1	anyaw	1.1	anyaw	anyaw{avya}/anya{sarvanAma;napuM;1;eka}/anya{sarvanAma;napuM;2;eka}	anya{sarvanAma;napuM;2;eka}	karmasamAnAXikaraNam,3.1	muKyakarma,3.1#viSeRaNam,5.1#karmasamAnAXikaraNam,3.1	1	1	10	upaniRax	ISAvAsyopaniRax	-
2.1	eva	2.1	eva	eva{avya}	eva{avya}	sambanXaH,1.1	sambanXaH,1.1	1	1	10	upaniRax	ISAvAsyopaniRax	-
3.1	AhuH	5.1	AhuH	brU1{karwari;lat;pra;bahu;parasmEpaxI;axAxiH}	brU1{karwari;lat;pra;bahu;parasmEpaxI;axAxiH}	-	-	1	1	10	upaniRax	ISAvAsyopaniRax	-
4.1	vixyayA	3.1	vixyayA	vixyA{swrI;3;eka}	vixyA{swrI;3;eka}	RaRTIsambanXaH,5.1	RaRTIsambanXaH,5.1	1	1	10	upaniRax	ISAvAsyopaniRax	-
5.1	(Palam)	4.1	.	-	-	karma,3.1	karma,3.1	1	1	10	upaniRax	ISAvAsyopaniRax	-
1.1	anyaw	-	anyaw	anyaw{avya}/anya{sarvanAma;napuM;1;eka}/anya{sarvanAma;napuM;2;eka}	anya{sarvanAma;napuM;2;eka}	karmasamAnAXikaraNam,2.1	muKyakarma,2.1#viSeRaNam,4.1#karmasamAnAXikaraNam,2.1	2	1	10	upaniRax	ISAvAsyopaniRax	-
2.1	AhuH	-	AhuH	brU1{karwari;lat;pra;bahu;parasmEpaxI;axAxiH}	brU1{karwari;lat;pra;bahu;parasmEpaxI;axAxiH}	-	-	2	1	10	upaniRax	ISAvAsyopaniRax	-
3.1	avixyayA	-	avixyAyAH	avixyA{swrI;3;eka}	avixyA{swrI;3;eka}	RaRTIsambanXaH,4.1	RaRTIsambanXaH,4.1	2	1	10	upaniRax	ISAvAsyopaniRax	-
4.1	(Palam)	-	.	-	-	karma,2.1	karma,2.1	2	1	10	upaniRax	ISAvAsyopaniRax	-
1.1	iwi	9.1	iwi	iwi{avya}	iwi{avya}	kriyAviSeRaNam,2.1	karma,2.1#kriyAviSeRaNam,2.1#sambanXaH,7.1	3	1	10	upaniRax	ISAvAsyopaniRax	-
2.1	SuSruma	17.1	SuSruma	Sru1{karwari;lit;u;bahu;parasmEpaxI;BvAxiH}	Sru1{karwari;lit;u;bahu;parasmEpaxI;BvAxiH}	aBihiwa_karwA;sakarmakaH	aBihiwa_karwA;sakarmakaH	3	1	10	upaniRax	ISAvAsyopaniRax	-
3.1	XIrANAM	14.1	XIrANAM	XIra{puM;6;bahu}/XIra{napuM;6;bahu}/XIrA{swrI;6;bahu}	XIra{puM;6;bahu}	RaRTIsambanXaH,8.1	RaRTIsambanXaH,5.1#viSeRaNam,5.1#RaRTIsambanXaH,8.1	3	1	10	upaniRax	ISAvAsyopaniRax	-
4.1	ye	10.1	ye	yax{sarvanAma;puM;1;bahu}/yax{sarvanAma;napuM;1;xvi}/yax{sarvanAma;napuM;2;xvi}/yax{sarvanAma;swrI;1;xvi}/yax{sarvanAma;swrI;2;xvi}	yax{sarvanAma;puM;1;bahu}	karwA,7.1;niwya_sambanXaH,9.1	karwA,7.1#niwya_sambanXaH,9.1	3	1	10	upaniRax	ISAvAsyopaniRax	-
5.1	naH	11.1	naH	asmax{sarvanAma;2;bahu}/asmax{sarvanAma;6;bahu}/asmax{sarvanAma;4;bahu}/nq{puM;8;eka}	asmax{sarvanAma;4;bahu}	sampraxAnam,7.1	RaRTIsambanXaH,#prayojanam,7.1#sampraxAnam,7.1	3	1	10	upaniRax	ISAvAsyopaniRax	-
6.1	waw	15.1	waw	wax{sarvanAma;napuM;1;eka}/wax{sarvanAma;napuM;2;eka}	wax{sarvanAma;napuM;2;eka}	karma,7.1	karma,7.1#parAmarSaH,8.1#viSeRaNam,8.1	3	1	10	upaniRax	ISAvAsyopaniRax	-
7.1	vicacakRire	12.1	vicacakRire	vi_cakR{karwari;lit;pra;bahu;AwmanepaxI;cakRif;axAxiH}	vi_cakR{karwari;lit;pra;bahu;AwmanepaxI;cakRif;axAxiH}	aBihiwa_karwA,4.1;sakarmakaH	aBihiwa_karwA,4.1;sakarmakaH	3	1	10	upaniRax	ISAvAsyopaniRax	-
8.1	(vacaH)	16.1	.	vacas{napuM;1;eka}/vacas{napuM;2;eka}	vacas{napuM;2;eka}	karma,2.1	karma,2.1	3	1	10	upaniRax	ISAvAsyopaniRax	-
9.1	(weRAm)	13.1	-	wax{sarvanAma;puM;6;bahu}/wax{sarvanAma;napuM;6;bahu}	wax{sarvanAma;puM;6;bahu}	viSeRaNam,3.1	viSeRaNam,3.1	3	1	10	upaniRax	ISAvAsyopaniRax	-
1.1	vixyAm	2.1	vixyAm	vix1{karwari;viXilif;u;eka;parasmEpaxI;axAxiH}/vixyA{swrI;2;eka}	vixyA{swrI;2;eka}	GatakaH,8.1	sup_samucciwaH,3.1#karma,13.1#karma,7.1#samucciwaH,3.1#GatakaH,8.1	1	1	11	upaniRax	ISAvAsyopaniRax	-
10.1	avixyayA	11.1	avixyayA	avixyA{swrI;3;eka}	avixyA{swrI;3;eka}	karaNam,12.1	sahArWaH,16.1#sahArWaH,13.1#sahArWaH,7.1#hewuH,13.1#karaNam,12.1	1	1	11	upaniRax	ISAvAsyopaniRax	-
11.1	mqwyuM	12.1	mqwyuM	mqwyu{puM;2;eka}	mqwyu{puM;2;eka}	karma,12.1	viSeRaNam,15.1#karmasamAnAXikaraNam,8.1#karmasamAnAXikaraNam,6.1#karmasamAnAXikaraNam,3.1#karmasamAnAXikaraNam,1.1#karma,12.1#karma,15.1#karma,13.1	1	1	11	upaniRax	ISAvAsyopaniRax	-
12.1	wIrwvA	13.1	wIrwvA	wQ1{avya;kwvA;BvAxiH}	wQ1{avya;kwvA;BvAxiH}	pUrvakAlaH,15.1	pUrvakAlaH,15.1	1	1	11	upaniRax	ISAvAsyopaniRax	-
13.1	vixyayA	14.1	vixyayA	vixyA{swrI;3;eka}	vixyA{swrI;3;eka}	karaNam,15.1	sahArWaH,15.1#sahArWaH,13.1#sahArWaH,7.1#karaNam,15.1#hewuH,15.1	1	1	11	upaniRax	ISAvAsyopaniRax	-
14.1	amqwam	15.1	amqwam	amqwa{puM;2;eka}/amqwa{napuM;1;eka}/amqwa{napuM;2;eka}	amqwa{puM;2;eka}	karma,15.1	karma,15.1#karwA,15.1	1	1	11	upaniRax	ISAvAsyopaniRax	-
15.1	aSnuwe	16.1	aSnuwe	aS1{karwari;lat;pra;eka;AwmanepaxI;svAxiH}	aS1{karwari;lat;pra;eka;AwmanepaxI;svAxiH}	-	-	1	1	11	upaniRax	ISAvAsyopaniRax	-
16.1	(saH)	10.1	-	wax{sarvanAma;puM;1;eka}	wax{sarvanAma;puM;1;eka}	karwA,15.1	karwA,15.1	1	1	11	upaniRax	ISAvAsyopaniRax	-
2.1	ca	3.1	ca	ca{avya}	ca{avya}	Gataka_xyowakaH,8.1	sambanXaH,1.1#samuccaya_xyowakaH,1.1#Gataka_xyowakaH,8.1	1	1	11	upaniRax	ISAvAsyopaniRax	-
3.1	avixyAm	4.1	avixyAm	avixyA{swrI;2;eka}	avixyA{swrI;2;eka}	GatakaH,8.1	karmasamAnAXikaraNam,1.1#karma,13.1#karma,7.1#GatakaH,8.1	1	1	11	upaniRax	ISAvAsyopaniRax	-
4.1	ca	5.1	ca	ca{avya}	ca{avya}	Gataka_xyowakaH,8.1	sup_samuccaya_xyowakaH,3.1#sambanXaH,3.1#Gataka_xyowakaH,8.1	1	1	11	upaniRax	ISAvAsyopaniRax	-
5.1	yaH	1.1	yaH	yax{sarvanAma;puM;1;eka}	yax{sarvanAma;puM;1;eka}	karwA,7.1;niwya_sambanXaH,16.1	karwA,7.1#niwya_sambanXaH,16.1	1	1	11	upaniRax	ISAvAsyopaniRax	-
6.1	waw	6.1	waw	wax{sarvanAma;napuM;1;eka}/wax{sarvanAma;napuM;2;eka}	wax{sarvanAma;napuM;2;eka}	karma,7.1	viSeRaNam,15.1#viSeRaNam,8.1#karma,13.1#karma,7.1#karwA,7.1	1	1	11	upaniRax	ISAvAsyopaniRax	-
7.1	vexa	9.1	vexa	vix1{karwari;lat;pra;eka;parasmEpaxI;axAxiH}/vix1{karwari;lat;u;eka;parasmEpaxI;axAxiH}/vexa{puM;8;eka}	vix1{karwari;lat;pra;eka;parasmEpaxI;axAxiH}	-	-	1	1	11	upaniRax	ISAvAsyopaniRax	-
8.1	uBayaM	7.1	uBayaM	uBaya{puM;2;eka}/uBaya{napuM;1;eka}/uBaya{napuM;2;eka}/uBaya{sarvanAma;puM;2;eka}/uBaya{sarvanAma;napuM;1;eka}/uBaya{sarvanAma;napuM;2;eka}	uBaya{puM;2;eka}	sahArWaH,7.1	karmasamAnAXikaraNam,6.1#karmasamAnAXikaraNam,3.1#karmasamAnAXikaraNam,1.1#karma,13.1#sahArWaH,7.1	1	1	11	upaniRax	ISAvAsyopaniRax	-
9.1	saha	8.1	saha	saha{avya}	saha{avya}	sahArWa_xyowakaH,8.1	sahArWa_xyowakaH,14.1#sahArWa_xyowakaH,11.1#kriyAviSeRaNam,13.1#sahArWa_xyowakaH,8.1	1	1	11	upaniRax	ISAvAsyopaniRax	-
1.1	wawaH	6.1	wawaH	wawaH{avya}	wawaH{avya}	wulanA_binxuH,2.1	sambanXaH,6.1#kArya_xyowakaH,6.1#wulanA_binxuH,2.1	1	1	12	upaniRax	ISAvAsyopaniRax	-
10.1	rawAH	3.1	rawAH	rawa{puM;1;bahu(ram1;kwa;BvAxiH)}/rawA{swrI;1;bahu(ram1;kwa;BvAxiH)}/rawA{swrI;2;bahu(ram1;kwa;BvAxiH)}	rawa{puM;1;bahu(ram1;kwa;BvAxiH)}	-	-	1	1	12	upaniRax	ISAvAsyopaniRax	-
2.1	BUyaH	7.1	BUyaH	BUyaH{avya}/BUyas{napuM;1;eka}/BUyas{napuM;2;eka}/BUyas{napuM;8;eka}	BUyas{napuM;2;eka}	viSeRaNam,5.1	viSeRaNam,5.1#karma,6.1#kriyAviSeRaNam,10.1#kriyAviSeRaNam,6.1	1	1	12	upaniRax	ISAvAsyopaniRax	-
3.1	iva	8.1	iva	iva{avya}	iva{avya}	sambanXaH,2.1	upamAnam_rahiwa_upamAna_xyowakaH,4.1#sambanXaH,2.1	1	1	12	upaniRax	ISAvAsyopaniRax	-
4.1	we	4.1	we	wax{sarvanAma;puM;1;bahu}/wax{sarvanAma;napuM;1;xvi}/wax{sarvanAma;napuM;2;xvi}/wax{sarvanAma;swrI;1;xvi}/wax{sarvanAma;swrI;2;xvi}/yuRmax{sarvanAma;6;eka}/yuRmax{sarvanAma;4;eka}	wax{sarvanAma;puM;1;bahu}	karwA,6.1	prayojanam1,10.1#prayojanam1,6.1#RaRTIsambanXaH,9.1#RaRTIsambanXaH,5.1#RaRTIsambanXaH,2.1#viSeRaNam,7.1#karma,6.1#gawikarma,10.1#viSeRaNam,10.1#karwA,6.1	1	1	12	upaniRax	ISAvAsyopaniRax	-
5.1	wamaH	9.1	wamaH	wama{puM;1;eka}/wamas{napuM;1;eka}/wamas{napuM;2;eka}/wamas{napuM;8;eka}	wamas{napuM;2;eka}	karma,6.1	karma,6.1#gawikarma,10.1	1	1	12	upaniRax	ISAvAsyopaniRax	-
6.1	praviSanwi	10.1	praviSanwi	pra_viS1{karwari;lat;pra;bahu;parasmEpaxI;wuxAxiH}/praviSaw{napuM;1;bahu(pra_viS1;Sawq_lat;wuxAxiH)}/praviSaw{napuM;2;bahu(pra_viS1;Sawq_lat;wuxAxiH)}	pra_viS1{karwari;lat;pra;bahu;parasmEpaxI;wuxAxiH}	aBihiwa_karwA,4.1;sakarmaka	aBihiwa_karwA,4.1;sakarmaka	1	1	12	upaniRax	ISAvAsyopaniRax	-
7.1	ye	1.1	ye	yax{sarvanAma;puM;1;bahu}/yax{sarvanAma;napuM;1;xvi}/yax{sarvanAma;napuM;2;xvi}/yax{sarvanAma;swrI;1;xvi}/yax{sarvanAma;swrI;2;xvi}	yax{sarvanAma;napuM;2;xvi}	karwA,10.1	niwya_sambanXaH1,4.1#gawikarma,10.1#viSeRaNam,10.1#karwA,10.1	1	1	12	upaniRax	ISAvAsyopaniRax	-
8.1	u	5.1	u	u{avya}	u{avya}	sambanXaH,7.1	sambanXaH,7.1	1	1	12	upaniRax	ISAvAsyopaniRax	-
9.1	samBUwyAm	2.1	samBUwyAm	samBUwi{swrI;7;eka}	samBUwi{swrI;7;eka}	aXikaraNam,10.1	aXikaraNam,10.1	1	1	12	upaniRax	ISAvAsyopaniRax	-
1.1	anyaw	2.1	anyaw	anyaw{avya}/anya{sarvanAma;napuM;1;eka}/anya{sarvanAma;napuM;2;eka}	anya{sarvanAma;napuM;2;eka}	karmasamAnAXikaraNam,3.1	karmasamAnAXikaraNam,3.1	1	1	13	upaniRax	ISAvAsyopaniRax	-
2.1	eva	3.1	eva	eva{avya}	eva{avya}	sambanXaH,1.1	sambanXaH,1.1	1	1	13	upaniRax	ISAvAsyopaniRax	-
3.1	AhuH	4.1	AhuH	brU1{karwari;lat;pra;bahu;parasmEpaxI;axAxiH}	brU1{karwari;lat;pra;bahu;parasmEpaxI;axAxiH}	-	-	1	1	13	upaniRax	ISAvAsyopaniRax	-
4.1	samBavAw	1.1	samBavAw	samBava{puM;5;eka}	samBava{puM;5;eka}	apAxAnam,3.1	apAxAnam,3.1	1	1	13	upaniRax	ISAvAsyopaniRax	-
5.1	(Palam)	-	-	Pala{napuM;1;eka}/Pala{napuM;2;eka}	Pala{napuM;1;eka}	karma,3.1	karma,3.1	1	1	13	upaniRax	ISAvAsyopaniRax	-
1.1	anyaw	6.1	anyaw	anyaw{avya}/anya{sarvanAma;napuM;1;eka}/anya{sarvanAma;napuM;2;eka}	anya{sarvanAma;napuM;2;eka}	karmasamAnAXikaraNam,2.1	karma,2.1	2	1	13	upaniRax	ISAvAsyopaniRax	-
2.1	AhuH	7.1	AhuH	brU1{karwari;lat;pra;bahu;parasmEpaxI;axAxiH}	brU1{karwari;lat;pra;bahu;parasmEpaxI;axAxiH}	-	-	2	1	13	upaniRax	ISAvAsyopaniRax	-
3.1	asamBavAw	5.1	asamBavAw	asamBava{puM;5;eka}/asamBava{napuM;5;eka}	asamBava{puM;5;eka}	apAxAnam,2.1	apAxAnam,2.1	2	1	13	upaniRax	ISAvAsyopaniRax	-
4.1	(Palam_	-	-	Pala{napuM;1;eka}/Pala{napuM;2;eka}	Pala{napuM;2;eka}	karma,2.1	karma,2.1	2	1	13	upaniRax	ISAvAsyopaniRax	-
1.1	iwi	8.1	iwi	iwi{avya}	iwi{avya}	kriyAviSeRaNam,2.1	kriyAviSeRaNam,2.1	3	1	13	upaniRax	ISAvAsyopaniRax	-
2.1	SuSruma	11.1	SuSruma	Sru1{karwari;lit;u;bahu;parasmEpaxI;BvAxiH}	Sru1{karwari;lit;u;bahu;parasmEpaxI;BvAxiH}	-	-	3	1	13	upaniRax	ISAvAsyopaniRax	-
3.1	XIrANAM	9.1	XIrANAM	XIra{puM;6;bahu}/XIra{napuM;6;bahu}/XIrA{swrI;6;bahu}	XIra{puM;6;bahu}	RaRTIsambanXaH,8.1	RaRTIsambanXaH,5.1#viSeRaNam,5.1#RaRTIsambanXaH,8.1	3	1	13	upaniRax	ISAvAsyopaniRax	-
4.1	ye	12.1	ye	yax{sarvanAma;puM;1;bahu}/yax{sarvanAma;napuM;1;xvi}/yax{sarvanAma;napuM;2;xvi}/yax{sarvanAma;swrI;1;xvi}/yax{sarvanAma;swrI;2;xvi}	yax{sarvanAma;puM;1;bahu}	karwA,7.1	karwA,7.1	3	1	13	upaniRax	ISAvAsyopaniRax	-
5.1	naH	13.1	naH	asmax{sarvanAma;2;bahu}/asmax{sarvanAma;6;bahu}/asmax{sarvanAma;4;bahu}/nq{puM;8;eka}	asmax{sarvanAma;4;bahu}	RaRTIsambanXaH,9.1	RaRTIsambanXaH,9.1	3	1	13	upaniRax	ISAvAsyopaniRax	-
6.1	waw	14.1	waw	wax{sarvanAma;napuM;1;eka}/wax{sarvanAma;napuM;2;eka}	wax{sarvanAma;napuM;2;eka}	viSeRaNam,9.1	viSeRaNam,9.1	3	1	13	upaniRax	ISAvAsyopaniRax	-
7.1	vicacakRire	15.1	vicacakRire	vi_cakR{karwari;lit;cakRif;pra;bahu;AwmanepaxI;axAxiH}	vi_cakR{karwari;lit;cakRif;pra;bahu;AwmanepaxI;axAxiH}	-	-	3	1	13	upaniRax	ISAvAsyopaniRax	-
8.1	(vacanam)	10.1	.	vacana{napuM;2;eka}	vacana{napuM;2;eka}	karma,2.1	karma,2.1	3	1	13	upaniRax	ISAvAsyopaniRax	-
9.1	(vivecanam)	-	-	vivecana{nA;napuM;1;eka}/vivecana{nA;napuM;2;eka}	vivecana{nA;napuM;1;eka}	karma,7.1	karma,7.1	3	1	13	upaniRax	ISAvAsyopaniRax	-
1.1	samBUwim	1.1	samBUwim	samBUwi{swrI;2;eka}	samBUwi{swrI;2;eka}	GatakaH,8.1	sup_samucciwaH,3.1#karma,12.1#karma,7.1#samucciwaH,3.1#GatakaH,8.1	1	1	14	upaniRax	ISAvAsyopaniRax	-
10.1	vinASena	11.1	vinASena	vinASa{puM;3;eka}	vinASa{puM;3;eka}	karaNam,12.1	sahArWaH,15.1#sahArWaH,12.1#sahArWaH,7.1#hewuH,12.1#karaNam,12.1	1	1	14	upaniRax	ISAvAsyopaniRax	-
11.1	mqwyuM	12.1	mqwyuM	mqwyu{puM;2;eka}	mqwyu{puM;2;eka}	karma,12.1	viSeRaNam,14.1#karmasamAnAXikaraNam,8.1#karmasamAnAXikaraNam,6.1#karmasamAnAXikaraNam,3.1#karmasamAnAXikaraNam,1.1#karma,15.1#karma,12.1	1	1	14	upaniRax	ISAvAsyopaniRax	-
12.1	wIrwvA	13.1	wIrwvA	wQ1{avya;kwvA;BvAxiH}	wQ1{avya;kwvA;BvAxiH}	pUrvakAlaH,15.1	pUrvakAlaH,15.1	1	1	14	upaniRax	ISAvAsyopaniRax	-
13.1	samBUwyA	14.1	samBUwyA	samBUwi{swrI;3;eka}	samBUwi{swrI;3;eka}	karaNam,15.1	sahArWaH,15.1#sahArWaH,12.1#sahArWaH,7.1#karaNam,15.1#hewuH,15.1#karaNam,15.1	1	1	14	upaniRax	ISAvAsyopaniRax	-
14.1	amqwam	15.1	amqwam	amqwa{puM;2;eka}/amqwa{napuM;1;eka}/amqwa{napuM;2;eka}	amqwa{puM;2;eka}	karma,15.1	karma,15.1#karwA,15.1	1	1	14	upaniRax	ISAvAsyopaniRax	-
15.1	aSnuwe	16.1	aSnuwe	aS1{karwari;lat;pra;eka;AwmanepaxI;svAxiH}	aS1{karwari;lat;pra;eka;AwmanepaxI;svAxiH}	aBihiwa_karwA,16.1;sakarmaka	aBihiwa_karwA,16.1;sakarmaka	1	1	14	upaniRax	ISAvAsyopaniRax	-
16.1	(saH)	10.1	.	wax{sarva;puM;1;eka}	wax{sarva;puM;1;eka}	karwA,15.1	karwA,15.1	1	1	14	upaniRax	ISAvAsyopaniRax	-
2.1	ca	2.1	ca	ca{avya}	ca{avya}	Gataka_xyowakaH,8.1	samuccaya_xyowakaH,1.1#Gataka_xyowakaH,8.1	1	1	14	upaniRax	ISAvAsyopaniRax	-
3.1	vinASam	3.1	vinASam	vinASa{puM;2;eka}	vinASa{puM;2;eka}	GatakaH,8.1	viSeRaNam,14.1#viSeRaNam,11.1#viSeRaNam,8.1#karmasamAnAXikaraNam,1.1#karma,12.1#karma,7.1#GatakaH,8.1	1	1	14	upaniRax	ISAvAsyopaniRax	-
4.1	ca	4.1	ca	ca{avya}	ca{avya}	Gataka_xyowakaH,8.1	sup_samuccaya_xyowakaH,3.1#samuccaya_xyowakaH,3.1#Gataka_xyowakaH,8.1	1	1	14	upaniRax	ISAvAsyopaniRax	-
5.1	yaH	5.1	yaH	yax{sarvanAma;puM;1;eka}	yax{sarvanAma;puM;1;eka}	karwA,7.1;niwya_sambanXaH,16.1	karwA,7.1#niwya_sambanXaH	1	1	14	upaniRax	ISAvAsyopaniRax	-
6.1	waw	6.1	waw	wax{sarvanAma;napuM;1;eka}/wax{sarvanAma;napuM;2;eka}	wax{sarvanAma;napuM;1;eka}	karma,7.1	viSeRaNam,14.1#viSeRaNam,8.1#karma,12.1#karma,7.1#karwA,7.1	1	1	14	upaniRax	ISAvAsyopaniRax	-
7.1	vexa	9.1	vexa	vix1{karwari;lat;pra;eka;parasmEpaxI;axAxiH}/vix1{karwari;lat;u;eka;parasmEpaxI;axAxiH}/vexa{puM;8;eka}	vix1{karwari;lat;pra;eka;parasmEpaxI;axAxiH}	aBihiwa_karwA,5.1;sakarmaka	aBihiwa_karwA,5.1	1	1	14	upaniRax	ISAvAsyopaniRax	-
8.1	uBayaM	7.1	uBayaM	uBaya{puM;2;eka}/uBaya{napuM;1;eka}/uBaya{napuM;2;eka}/uBaya{sarvanAma;puM;2;eka}/uBaya{sarvanAma;napuM;1;eka}/uBaya{sarvanAma;napuM;2;eka}	uBaya{napuM;2;eka}	sahArWaH,7.1	sahArWaH,7.1#karmasamAnAXikaraNam,3.1#karmasamAnAXikaraNam,1.1#karma,15.1#karma,12.1#karwA,15.1	1	1	14	upaniRax	ISAvAsyopaniRax	-
9.1	saha	8.1	saha	saha{avya}	saha{avya}	sahArWa_xyowakaH,8.1	sahArWa_xyowakaH,8.1#sahArWa_xyowakaH,10.1#kriyAviSeRaNam,12.1#kriyAviSeRaNam,7.1	1	1	14	upaniRax	ISAvAsyopaniRax	-
1.1	hiraNmayena	-	hiraNmayena	hiraNmaya{puM;3;eka}/hiraNmaya{napuM;3;eka}	hiraNmaya{puM;3;eka}	viSeRaNam,2.1	karwA,4.1#hewuH,6.1#hewuH,4.1#viSeRaNam,2.1	1	1	15	upaniRax	ISAvAsyopaniRax	-
2.1	pAwreNa	-	pAwreNa	pAwra{puM;3;eka}/pAwra{napuM;3;eka}	pAwra{puM;3;eka}	hewuH,4.1	karwA,4.1#hewuH,6.1#hewuH,4.1	1	1	15	upaniRax	ISAvAsyopaniRax	-
3.1	sawyasya	-	sawyasya	sawya{puM;6;eka}/sawya{napuM;6;eka}	sawya{puM;6;eka}	RaRTIsambanXaH,5.1	RaRTIsambanXaH,5.1#RaRTIsambanXaH,2.1#RaRTIsambanXaH,1.1	1	1	15	upaniRax	ISAvAsyopaniRax	-
4.1	apihiwam	-	apihiwam	apihiwa{puM;2;eka(api_XA1;kwa;juhowyAxiH)}/apihiwa{napuM;1;eka(api_XA1;kwa;juhowyAxiH)}/apihiwa{napuM;2;eka(api_XA1;kwa;juhowyAxiH)}	apihiwa{napuM;1;eka(api_XA1;kwa;juhowyAxiH)}	viXeya_viSeRaNam,5.1	viSeRaNam,5.1#karwA_be_verbs,6.1	1	1	15	upaniRax	ISAvAsyopaniRax	-
5.1	muKam	-	muKam	muKa{puM;2;eka}/muKa{napuM;1;eka}/muKa{napuM;2;eka}	muKa{napuM;1;eka}	karwA,6.1	karwA_be_verbs,6.1	1	1	15	upaniRax	ISAvAsyopaniRax	-
6.1	[aswi]	-	aswi	as2{karwari;lat;pra;eka;parasmEpaxI;axAxiH}	as2{karwari;lat;pra;eka;parasmEpaxI;axAxiH}	aBihiwa_karwA,5.1	-	1	1	15	upaniRax	ISAvAsyopaniRax	-
7.1	.	-	.	-	-	-	-	1	1	15	upaniRax	ISAvAsyopaniRax	-
1.1	waw	-	waw	wax{sarvanAma;napuM;1;eka}/wax{sarvanAma;napuM;2;eka}	wax{sarvanAma;napuM;1;eka}	karma,4.1	karma,4.1	2	1	15	upaniRax	ISAvAsyopaniRax	-
2.1	wvam	-	wvam	yuRmax{sarvanAma;1;eka}	yuRmax{sarvanAma;1;eka}	karwA,4.1	karwA,4.1	2	1	15	upaniRax	ISAvAsyopaniRax	-
3.1	pURan	-	pURan	pURan{puM;8;eka}	pURan{puM;8;eka}	samboXyaH,4.1	samboXyaH,4.1	2	1	15	upaniRax	ISAvAsyopaniRax	-
4.1	apAvqNu	-	apAvqNu	apa_Af_vq1{karwari;lot;ma;eka;parasmEpaxI;svAxiH}	apa_Af_vq1{karwari;lot;ma;eka;parasmEpaxI;svAxiH}	aBihiwa_karwA,2.1	-	2	1	15	upaniRax	ISAvAsyopaniRax	-
5.1	sawya-	-	sawya-XarmAya	sawya	sawya	bahuvrIhiH,5.2	bahuvrIhiH,5.2	2	1	15	upaniRax	ISAvAsyopaniRax	-
5.2	XarmAya	-	--	Xarma{puM;4;eka}/Xarma{napuM;4;eka}	Xarma{puM;4;eka}	sampraxAnam,4.1	sampraxAnam,4.1	2	1	15	upaniRax	ISAvAsyopaniRax	-
6.1	xqRtaye	-	xqRtaye	xqRti{swrI;4;eka}	xqRti{swrI;4;eka}	prayojanam,4.1	prayojanam,4.1	2	1	15	upaniRax	ISAvAsyopaniRax	-
7.1	.	-	.	-	-	-	-	2	1	15	upaniRax	ISAvAsyopaniRax	-
1.1	pURan	-	pURan	pURan{puM;8;eka}	pURan{puM;8;eka}	viSeRaNam,4.1	viSeRaNam,4.1	1	1	16	upaniRax	ISAvAsyopaniRax	-
2.1	ekarRe	-	ekarRe	ekarRi{puM;8;eka}	-	viSeRaNam,4.1	viSeRaNam,4.1	1	1	16	upaniRax	ISAvAsyopaniRax	-
3.1	yama	-	yama	yam1{karwari;lot;ma;eka;parasmEpaxI;BvAxiH}/yama{puM;8;eka}	yama{puM;8;eka}	viSeRaNam,4.1	viSeRaNam,4.1	1	1	16	upaniRax	ISAvAsyopaniRax	-
4.1	sUrya	-	sUrya	sUrya{puM;8;eka}	sUrya{puM;8;eka}	samboXyaH,6.1	samboXyaH,6.1	1	1	16	upaniRax	ISAvAsyopaniRax	-
5.1	prAjApawya	-	prAjApawya	prAjApawya{puM;8;eka}	prAjApawya{puM;8;eka}	viSeRaNam,4.1	viSeRaNam,4.1	1	1	16	upaniRax	ISAvAsyopaniRax	-
6.1	vyUha	-	vyUha	vi_vah1{karwari;lit;ma;bahu;parasmEpaxI;BvAxiH}/vyUha{puM;8;eka}	vi_vah1{karwari;lit;ma;bahu;parasmEpaxI;BvAxiH}	-	-	1	1	16	upaniRax	ISAvAsyopaniRax	-
7.1	raSmIn	-	raSmIn	raSmi{puM;2;bahu}	raSmi{puM;2;bahu}	karma,6.1	-	1	1	16	upaniRax	ISAvAsyopaniRax	-
8.1	.	-	.	-	-	-	-	1	1	16	upaniRax	ISAvAsyopaniRax	-
1.1	samUha	-	samUha	sam_vah1{karwari;lit;ma;bahu;parasmEpaxI;BvAxiH}/samUha{puM;8;eka}	sam_vah1{karwari;lit;ma;bahu;parasmEpaxI;BvAxiH}	-	-	2	1	16	upaniRax	ISAvAsyopaniRax	-
2.1	wejaH	-	wejaH	wejas{napuM;1;eka}/wejas{napuM;2;eka}/wejas{napuM;8;eka}	wejas{napuM;2;eka}	karma,1.1	-	2	1	16	upaniRax	ISAvAsyopaniRax	-
3.1	.	-	.	-	-	-	-	2	1	16	upaniRax	ISAvAsyopaniRax	-
1.1	yaw	-	yaw	yaw{avya}/yax{sarvanAma;napuM;1;eka}/yax{sarvanAma;napuM;2;eka}	yax{sarvanAma;napuM;2;eka}	viSeRaNam,3.1;niwya_sambanXaH1,5.1	viSeRaNam,5.1#viSeRaNam,3.1#niwya_sambanXaH1,5.1#karma,7.1	3	1	16	upaniRax	ISAvAsyopaniRax	-
10.1	.	-	.	-	-	-	-	3	1	16	upaniRax	ISAvAsyopaniRax	-
2.1	we	-	we	wax{sarvanAma;puM;1;bahu}/wax{sarvanAma;napuM;1;xvi}/wax{sarvanAma;napuM;2;xvi}/wax{sarvanAma;swrI;1;xvi}/wax{sarvanAma;swrI;2;xvi}/yuRmax{sarvanAma;6;eka}/yuRmax{sarvanAma;4;eka}	yuRmax{sarvanAma;6;eka}	RaRTIsambanXaH,3.1	viSeRaNam,6.1#prayojanam1,7.1#RaRTIsambanXaH,3.1#karma,7.1	3	1	16	upaniRax	ISAvAsyopaniRax	-
3.1	rUpam	-	rUpaM	rUpa{napuM;1;eka}/rUpa{napuM;2;eka}	rUpa{napuM;2;eka}	karma,9.1	karma,9.1	3	1	16	upaniRax	ISAvAsyopaniRax	-
4.1	kalyANawamam	-	kalyANawamaM	kalyANa{wamap;puM;2;eka}	kalyANa{wamap;puM;2;eka}	viSeRaNam,3.1	viSeRaNam,3.1	3	1	16	upaniRax	ISAvAsyopaniRax	-
5.1	waw	-	waw	wax{sarvanAma;napuM;1;eka}/wax{sarvanAma;napuM;2;eka}	wax{sarvanAma;napuM;2;eka}	karma,7.1	karma,7.1	3	1	16	upaniRax	ISAvAsyopaniRax	-
6.1	we	-	we	wax{sarvanAma;puM;1;bahu}/wax{sarvanAma;napuM;1;xvi}/wax{sarvanAma;napuM;2;xvi}/wax{sarvanAma;swrI;1;xvi}/wax{sarvanAma;swrI;2;xvi}/yuRmax{sarvanAma;6;eka}/yuRmax{sarvanAma;4;eka}	yuRmax{sarvanAma;6;eka}	RaRTIsambanXaH,8.1	prayojanam1,7.1#RaRTIsambanXaH,3.1#karma,7.1#RaRTIsambanXaH,8.1	3	1	16	upaniRax	ISAvAsyopaniRax	-
7.1	paSyAmi	-	paSyAmi	xqS1{karwari;lat;u;eka;parasmEpaxI;BvAxiH}	xqS1{karwari;lat;u;eka;parasmEpaxI;BvAxiH}	-	-	3	1	16	upaniRax	ISAvAsyopaniRax	-
8.1	(prasAxAw)	-	prasAxAw	prasAxa{puM;5;eka}	prasAxa{puM;5;eka}	hewuH,7.1	hewuH,7.1	3	1	16	upaniRax	ISAvAsyopaniRax	-
9.1	(aswi)	-	paSyAmi	as2{karwari;lat;pra;eka;parasmEpaxI;axAxiH}	as2{karwari;lat;pra;eka;parasmEpaxI;axAxiH}	-	-	3	1	16	upaniRax	ISAvAsyopaniRax	-
1.1	yaH	-	yaH	yax{sarvanAma;puM;1;eka}	yax{sarvanAma;puM;1;eka}	viSeRaNam,3.1;niwya_sambanXaH1,5.1	viSeRaNam,6.1#viSeRaNam,5.1#viSeRaNam,4.1#viSeRaNam,3.1#viSeRaNam,2.1#niwya_sambanXaH1,5.1	4	1	16	upaniRax	ISAvAsyopaniRax	-
2.1	asO	-	asO	axas{sarvanAma;puM;1;eka}/axas{sarvanAma;swrI;1;eka}/asi{puM;7;eka}/asi{swrI;7;eka}/asu{puM;7;eka}	axas{sarvanAma;puM;1;eka}	vIpsA,3.1	vIpsA,3.1#aXikaraNam,7.1#viSeRaNam,6.1#viSeRaNam,3.1#viSeRaNam,5.1#viSeRaNam,4.1	4	1	16	upaniRax	ISAvAsyopaniRax	-
3.1	asO	-	asO	axas{sarvanAma;puM;1;eka}/axas{sarvanAma;swrI;1;eka}/asi{puM;7;eka}/asi{swrI;7;eka}/asu{puM;7;eka}	axas{sarvanAma;puM;1;eka}	viSeRaNam,4.1	aXikaraNam,7.1#viSeRaNam,4.1#viSeRaNam,5.1#viSeRaNam,4.1#karwA_be_verbs,8.1	4	1	16	upaniRax	ISAvAsyopaniRax	-
4.1	puruRaH	-	puruRaH	puruRa{puM;1;eka}	puruRa{puM;1;eka}	karwA,8.1	karwA_be_verbs,7.1#karwA,8.1	4	1	16	upaniRax	ISAvAsyopaniRax	-
5.1	saH	-	saH	wax{sarvanAma;puM;1;eka}	wax{sarvanAma;puM;1;eka}	viXeya_viSeRaNam,6.1	viSeRaNam,6.1#viSeRaNam,4.1#viXeya_viSeRaNam,6.1	4	1	16	upaniRax	ISAvAsyopaniRax	-
6.1	aham	-	aham	asmax{sarvanAma;1;eka}	asmax{sarvanAma;1;eka}	karwA,7.1	viXeya_viSeRaNam,5.1#karwA_be_verbs,7.1#viXeya_viSeRaNam,4.1#karwA,7.1	4	1	16	upaniRax	ISAvAsyopaniRax	-
7.1	asmi	-	asmi	as2{karwari;lat;u;eka;parasmEpaxI;axAxiH}	as2{karwari;lat;u;eka;parasmEpaxI;axAxiH}	-	-	4	1	16	upaniRax	ISAvAsyopaniRax	-
8.1	(aswi)	-	aswi	as2{karwari;lat;pra;eka;parasmEpaxI;axAxiH}	as2{karwari;lat;pra;eka;parasmEpaxI;axAxiH}	-	-	4	1	16	upaniRax	ISAvAsyopaniRax	-
9.1	.	-	.	-	-	-	-	4	1	16	upaniRax	ISAvAsyopaniRax	-
2.1	anilam	-	anilam	anila{puM;2;eka}	anila{puM;2;eka}	viSeRaNam,3.1	viSeRaNam,3.1	1	1	17	upaniRax	ISAvAsyopaniRax	-
3.1	amqwam	-	amqwam	amqwa{puM;2;eka}/amqwa{napuM;1;eka}/amqwa{napuM;2;eka}	amqwa{puM;2;eka}	karma,5.1	karma,5.1	1	1	17	upaniRax	ISAvAsyopaniRax	-
4.1	aWa	-	aWa	aWa{avya}	aWa{avya}	kAlAXikaraNam,5.1	kAlAXikaraNam,5.1	1	1	17	upaniRax	ISAvAsyopaniRax	-
5.1	(prApnowu)	-	-	pra_Ap1{karwari;lot;pra;eka;parasmEpaxI;svAxiH}	pra_Ap1{karwari;lot;pra;eka;parasmEpaxI;svAxiH}	aBihiwa_karwA	aBihiwa_karwA	1	1	17	upaniRax	ISAvAsyopaniRax	-
6.1	(mama)	-	-	asmax{sarvanAma;6;eka}	asmax{sarvanAma;6;eka}	RaRTIsambanXaH,7.1	RaRTIsambanXaH,7.1	1	1	17	upaniRax	ISAvAsyopaniRax	-
7.1	SarIraM	-	SarIraM	SarIra{napuM;1;eka}/SarIra{napuM;2;eka}	SarIra{napuM;1;eka}	karwA,9.1	karwA,9.1	2	1	17	upaniRax	ISAvAsyopaniRax	-
8.1	Basma-	-	BasmAnwaM	Basma	Basma	RaRTI-wawpuruRaH,8.2	RaRTI-wawpuruRaH,8.2	2	1	17	upaniRax	ISAvAsyopaniRax	-
8.2	anwam	-	-	anwa{puM;2;eka}	anwa{puM;2;eka}	karma,9.1	karma,9.1	2	1	17	upaniRax	ISAvAsyopaniRax	-
9.1	(BUyAw)	-	BUyAw	BU1{karwari;ASIrlif;pra;eka;parasmEpaxI;BvAxiH}/BUya{napuM;5;eka}	BU1{karwari;ASIrlif;pra;eka;parasmEpaxI;BvAxiH}	aBihiwa_karwA,2.1	aBihiwa_karwA,7.1	2	1	17	upaniRax	ISAvAsyopaniRax	-
2.1	krawo	-	krawo	krawu{puM;8;eka}	krawu{puM;8;eka}	samboXyaH,3.1	samboXyaH,3.1	3	1	17	upaniRax	ISAvAsyopaniRax	-
3.1	smara	-	smara	smq1{karwari;lot;ma;eka;parasmEpaxI;BvAxiH}/smara{puM;8;eka}	smq1{karwari;lot;ma;eka;parasmEpaxI;BvAxiH}	aBihiwa_karwA	aBihiwa_karwA	3	1	17	upaniRax	ISAvAsyopaniRax	-
4.1	kqwaM	-	kqwaM	kqwa{puM;2;eka(kq2;kwa;svAxiH)}/kqwa{napuM;1;eka(kq2;kwa;svAxiH)}/kqwa{napuM;2;eka(kq2;kwa;svAxiH)}/kqwa{puM;2;eka(kq3;kwa;wanAxiH)}/kqwa{napuM;1;eka(kq3;kwa;wanAxiH)}/kqwa{napuM;2;eka(kq3;kwa;wanAxiH)}	kqwa{puM;2;eka(kq2;kwa;svAxiH)}	karma,5.1	karma,5.1	3	1	17	upaniRax	ISAvAsyopaniRax	-
5.1	smara	-	smara	smq1{karwari;lot;ma;eka;parasmEpaxI;BvAxiH}/smara{puM;8;eka}	smq1{karwari;lot;ma;eka;parasmEpaxI;BvAxiH}	aBihiwa_karwA	aBihiwa_karwA	3	1	17	upaniRax	ISAvAsyopaniRax	-
1.1	agne	-	-	agni{puM;8;eka}	agni{puM;8;eka}	samboXyaH,2.1	samboXyaH,2.1	1	1	18	upaniRax	ISAvAsyopaniRax	-
2.1	naya	-	naya	NI1{karwari;lot;ma;eka;parasmEpaxI;BvAxiH}/naya{puM;8;eka}	NI1{karwari;lot;ma;eka;parasmEpaxI;BvAxiH}	aBihiwa_karwA	aBihiwa_karwA	1	1	18	upaniRax	ISAvAsyopaniRax	-
3.1	supaWA	-	supaWA	supaWin{napuM;3;eka}	supaWin{napuM;3;eka}	karaNam,2.1	karaNam,2.1	1	1	18	upaniRax	ISAvAsyopaniRax	-
4.1	rAye	-	rAye	rE{puM;4;eka}/rA1{karmaNi;lat;u;eka;AwmanepaxI;axAxiH}	rE{puM;4;eka}	prayojanam,2.1	prayojanam,2.1	1	1	18	upaniRax	ISAvAsyopaniRax	-
5.1	asmAn	-	asmAn	asmax{sarvanAma;2;bahu}	asmax{sarvanAma;2;bahu}	gONakarma,2.1	gONakarma,2.1	1	1	18	upaniRax	ISAvAsyopaniRax	-
6.1	xeva	-	-	xeva{puM;8;eka}	xeva{puM;8;eka}	aBexaH,1.1	samboXyaH,2.1/aBexaH,1.1	1	1	18	upaniRax	ISAvAsyopaniRax	-
7.1	viSvAni	-	-	viSva{napuM;2;bahu}	viSva{napuM;2;bahu}	viSeRaNam,8.1	viSeRaNam,8.1	1	1	18	upaniRax	ISAvAsyopaniRax	-
8.1	vayunAni	-	-	vayuna{napuM;2;bahu}	vayuna{napuM;2;bahu}	muKyakarma,2.1	muKyakarma,2.1	1	1	18	upaniRax	ISAvAsyopaniRax	-
1.1	vixvAn	-	-	vixvas{puM;1;eka}	vixvas{puM;1;eka}	karwA	karwA	2	1	18	upaniRax	ISAvAsyopaniRax	-
2.1	yuyoXi	-	-	yuX	yuX	aBihiwa_karwA	aBihiwa_karwA	2	1	18	upaniRax	ISAvAsyopaniRax	-
3.1	asmaw	-	-	asmax{sarva;a;5;bahu}	asmax{sarva;a;5;bahu}	apAxAnam,2.1	apAxAnam,2.1	2	1	18	upaniRax	ISAvAsyopaniRax	-
4.1	juhurANam	-	-	juhurANa{puM;2;eka}	juhurANa{puM;2;eka}	viSeRaNam,5.1	viSeRaNam,5.1	2	1	18	upaniRax	ISAvAsyopaniRax	-
5.1	enaH	-	-	enas{napuM;2;eka}	enas{napuM;2;eka}	karma,2.1	karma,2.1	2	1	18	upaniRax	ISAvAsyopaniRax	-
1.1	BUyiRTAm	-	-	BUyiRTA{swrI;2;eka}	BUyiRTA{swrI;2;eka}	wIvrawAxarSI,3.2	wIvrawAxarSI,3.2	3	1	18	upaniRax	ISAvAsyopaniRax	-
2.1	we	-	-	yuRmax{sarva;a;4;eka}/yuRmax{sarva;a;6;eka}	yuRmax{sarva;a;4;eka}	prayojanam,3.2	sampraxAnam,4.1	3	1	18	upaniRax	ISAvAsyopaniRax	-
3.1	nama-	-	-	nama	nama	-,3.2	-,3.2	3	1	18	upaniRax	ISAvAsyopaniRax	-
3.2	ukwim	-	-	ukwi{swrI;2;eka}	ukwi{swrI;2;eka}	karma,4.1	karma,4.1	3	1	18	upaniRax	ISAvAsyopaniRax	-
4.1	viXema	-	-	viX{karwari;viXilif;u;bahu;parasmEpaxI;wuxAxiH}	viX{karwari;viXilif;u;bahu;parasmEpaxI;wuxAxiH}	aBihiwa_karwA,5.1	aBihiwa_karwA,5.1	3	1	18	upaniRax	ISAvAsyopaniRax	-
5.1	(vayam)	-	-	asmax{sarva;a;1;bahu}	asmax{sarva;a;1;bahu}	karwA,4.1	karwA,4.1	3	1	18	upaniRax	ISAvAsyopaniRax	-
