"padacchedah","anvaya","spart"
"तपः-स्वाध्याय-निरतम् तपस्वी वाक्-विदाम् वरम् नारदम् परिपप्रच्छ वाल्मीकिः मुनि-पुङ्गवम् .","तपस्वी वाल्मीकिः तपः-स्वाध्याय-निरतम् वाक्-विदाम् वरम् मुनि-पुङ्गवम् नारदम् परिपप्रच्छ ."," तपःस्वाध्यायनिरतं तपस्वी वाग्विदां वरम्# नारदं परिपप्रच्छ  वाल्मीकिर्मुनिपुङ्गवम्"
"कः नु अस्मिन् साम्प्रतम् लोके गुणवान् (अस्ति) .; कः च वीर्यवान् धर्म-ज्ञः च कृत-ज्ञः च सत्य-वाक्यः दृढ-व्रतः (अस्ति) .","साम्प्रतम् अस्मिन् लोके कः नु गुणवान् (अस्ति) .; कः च वीर्यवान् धर्म-ज्ञः कृत-ज्ञः च सत्य-वाक्यः दृढ-व्रतः च (अस्ति) ."," कोन्वस्मिन् साम्प्रतं लोके गुणवान् कश्च वीर्यवान्# धर्मज्ञश्च कृतज्ञश्च सत्यवाक्यो दृढव्रतः"
"चारित्रेण च कः युक्तः (अस्ति) .; सर्व-भूतेषु कः हितः (अस्ति) .; विद्वान् कः (अस्ति) .; कः समर्थः च (अस्ति) .; कः च एक-प्रिय-दर्शनः (अस्ति) .","कः चारित्रेण च युक्तः (अस्ति) .; कः सर्व-भूतेषु हितः (अस्ति) .; कः विद्वान् (अस्ति) .; कः समर्थः च (अस्ति) .; कः च एक-प्रिय-दर्शनः (अस्ति) ."," चारित्रेण च को युक्तः सर्वभूतेषु को हितः# विद्वान् कः कः समर्थश्च कश्चैकप्रियदर्शनः"
"आत्मवान् कः (अस्ति) .; जित-क्रोधः द्युतिमान् (च) (कः) (अस्ति) .; कः अन्-असूयकः (च) (अस्ति) .; कस्य(कस्मात्) बिभ्यति देवाः च जात-रोषस्य संयुगे .","कः आत्मवान् (अस्ति) .; (कः) जित-क्रोधः द्युतिमान् (च) (अस्ति) .; कः अन्-असूयकः (च) (अस्ति) .; कस्य(कस्मात्) जात-रोषस्य संयुगे देवाः च बिभ्यति ."," आत्मवान् को जितक्रोधो द्युतिमान् कोऽनसूयकः# कस्य बिभ्यति देवाश्च जातरोषस्य संयुगे"
"एतत् इच्छामि अहम् श्रोतुम् .; परम् कौतूहलम् हि मे (अस्ति) .; महर्षे त्वम् समर्थः असि ज्ञातुम् एवम्-विधम् नरम् .","अहम् एतत् श्रोतुम् इच्छामि .; हि परम् कौतूहलम् मे (अस्ति) .; महर्षे त्वम् एवम्-विधम् नरम् ज्ञातुम् समर्थः असि ."," एतदिच्छाम्यहं श्रोतुं परं कौतूहलं हि मे # महर्षे त्वं समर्थोऽसि ज्ञातुमेवंविधं नरम्"
"श्रुत्वा च एतत् त्रि-लोक-ज्ञः वाल्मीकेः नारदः वचः श्रूयताम् इति च आमन्त्र्य प्रहृष्टः वाक्यम् अब्रवीत् .","त्रि-लोक-ज्ञः नारदः वाल्मीकेः एतत् वचः श्रुत्वा च श्रूयताम् इति आमन्त्र्य च प्रहृष्टः वाक्यम् अब्रवीत् ."," श्रुत्वा  चैतत्त्रिलोकज्ञो वाल्मीकेर्नारदो वचः# श्रूयतामिति चामन्त्र्य प्रहृष्टो वाक्यमब्रवीत्"
"बहवः दुर्लभाः च एव .; त्वया कीर्तिताः गुणाः .; मुने वक्ष्यामि अहम् बुद्ध्वा तैः युक्तः नरः (कः) (अस्ति) (इति) .; (भवान्) श्रूयतां .","बहवः दुर्लभाः च एव .; त्वया कीर्तिताः गुणाः .; मुने (इति) . वक्ष्यामि अहम् बुद्ध्वा तैः युक्तः नरः (कः) (अस्ति); . (भवान्) श्रूयतां"," बहवो दुर्लभाश्चैव ये त्वया कीर्तिता गुणाः# मुने वक्ष्याम्यहं बुद्ध्वा तैर्युक्तः श्रूयतां नरः"
"इक्ष्वाकु-वंश-प्रभवः रामः नाम जनैः श्रुतः .; (सः) नियत-आत्मा महा-वीर्यः (च) (अस्ति) .; (सः) द्युतिमान् धृतिमान् वशी (च) (अस्ति) .","जनैः इक्ष्वाकु-वंश-प्रभवः रामः नाम श्रुतः .; (सः) नियत-आत्मा महा-वीर्यः (च) (अस्ति) .; (सः) द्युतिमान् धृतिमान् वशी (च) (अस्ति) ."," इक्ष्वाकुवंशप्रभवो रामो नाम जनैः श्रुतः# नियतात्मा महावीर्यो द्युतिमान् धृतिमान् वशी"
"(सः) बुद्धिमान् नीतिमान् (च) (अस्ति) .; (सः) वाग्ग्मी श्रीमान् (च) (अस्ति) .; (सः) शत्रु-निबर्हणः विपुल-अंशः (च) (अस्ति) .; (सः) महा-बाहुः कम्बु-ग्रीवः महा-हनुः (च) (अस्ति) .","(सः) बुद्धिमान् नीतिमान् (च) (अस्ति) .; (सः) वाग्ग्मी श्रीमान् (च) (अस्ति) .; (सः) शत्रु-निबर्हणः विपुल-अंशः (च) (अस्ति) .; (सः) महा-बाहुः कम्बु-ग्रीवः महा-हनुः (च) (अस्ति) ."," बुद्धिमान् नीतिमान् वाग्ग्मी श्रीमाञ्छत्रुनिबर्हणः# विपुलांसो महाबाहुः कम्बुग्रीवो महाहनुः "
"(सः) महा-उरस्कः महा-ईष्वासः (च) (अस्ति) .; (सः) गूढ-जत्रुः अरिन्-दमः (च) (अस्ति) .; (सः) आजानु-बाहुः सु-शिराः (च) (अस्ति) .; (सः) सु-ललाटः सु-विक्रमः (च) (अस्ति) .","(सः) महा-उरस्कः महा-ईष्वासः (च) (अस्ति) .; (सः) गूढ-जत्रुः अरिन्-दमः (च) (अस्ति) .; (सः) आजानु-बाहुः सु-शिराः (च) (अस्ति) .; (सः) सु-ललाटः सु-विक्रमः (च) (अस्ति) ."," महोरस्को महेष्वासो गूढजत्रुररिन्दमः# आजानुबाहुः सुशिराः सुललाटः सुविक्रमः"
"(सः) समः सम-विभक्त-अङ्गः (च) (अस्ति) .; (सः) स्निग्ध-वर्णः प्रतापवान् (च) (अस्ति) .; (सः) पीन-वक्षः विशाल-अक्षः लक्ष्मीवान् शुभ-लक्षणः (च) (अस्ति) .","(सः) समः सम-विभक्त-अङ्गः (च) (अस्ति) .; (सः) स्निग्ध-वर्णः प्रतापवान् (च) (अस्ति) .; (सः) पीन-वक्षः विशाल-अक्षः लक्ष्मीवान् शुभ-लक्षणः (च) (अस्ति) ."," समः समविभक्ताङ्गः स्निग्धवर्णः प्रतापवान् # पीनवक्षा विशालाक्षो लक्ष्मीवाञ्छुभलक्षणः"
"(सः) धर्मज्ञः सत्य-सन्धः (च) (अस्ति) .; (सः) प्रजानाम् च हिते रतः (अस्ति) .; (सः) यशस्वी ज्ञान-सम्पन्नः (च) (अस्ति) .; (सः) शुचिः वश्यः समाधिमान् (च) (अस्ति) .","(सः) धर्मज्ञः सत्य-सन्धः (च) (अस्ति) .; (सः) प्रजानाम् हिते रतः च (अस्ति) .; (सः) यशस्वी ज्ञान-सम्पन्नः (च) (अस्ति) .; (सः) शुचिः वश्यः समाधिमान् (च) (अस्ति) ."," धर्मज्ञः सत्यसन्धश्च प्रजानां च हिते रतः# यशस्वी ज्ञानसम्पन्नः शुचिर्वश्यः समाधिमान्"
"(सः) प्रजा-पति-समः श्रीमान् (च) (अस्ति) .; (सः) धाता रिपु-निषूदनः (च) (अस्ति) .; (सः) रक्षिता जीव-लोकस्य धर्मस्य परिरक्षिता (च) (अस्ति) .","(सः) प्रजा-पति-समः श्रीमान् (च) (अस्ति) .; (सः) धाता रिपु-निषूदनः (च) (अस्ति) .; (सः) जीव-लोकस्य रक्षिता धर्मस्य परिरक्षिता (च) (अस्ति) ."," प्रजापतिसमः श्रीमान् धाता रिपुनिषूदनः# रक्षिता जीवलोकस्य धर्मस्य परिरक्षिता"
"(सः) रक्षिता स्वस्य धर्मस्य स्व-जनस्य च रक्षिता (अस्ति) .; (सः) वेद-वेद-अङ्ग-तत्त्व-ज्ञः धनुर्वेदे च निष्ठितः (अस्ति) .","(सः) स्वस्य धर्मस्य रक्षिता स्व-जनस्य रक्षिता च (अस्ति) .; वेद-वेद-अङ्ग-तत्त्व-ज्ञः (सः) धनुर्वेदे निष्ठितः च (अस्ति) ."," रक्षिता स्वस्य धर्मस्य स्वजनस्य च रक्षिता# वेदवेदाङ्गतत्वज्ञो धनुर्वेदे च निष्ठितः"
"(सः) सर्व-शास्त्र-अर्थ-तत्त्व-ज्ञः स्मृतिमान् (च) (अस्ति) .; (सः) प्रतिभानवान् सर्व-लोक-प्रियः (च) (अस्ति) .; (सः) साधुः अ-दीन-आत्मा विचक्षणः (च) (अस्ति) .","(सः) सर्व-शास्त्र-अर्थ-तत्त्व-ज्ञः स्मृतिमान् (च) (अस्ति) .; (सः) प्रतिभानवान् सर्व-लोक-प्रियः (च) (अस्ति) .; (सः) साधुः अ-दीन-आत्मा विचक्षणः (च) (अस्ति) ."," सर्वशास्त्रार्थतत्त्वज्ञः स्मृतिमान् प्रतिभानवान्# सर्वलोकप्रियः साधुरदीनात्मा विचक्षणः"
"(सः) सर्वदा अभिगतः सद्भिः समुद्रः इव सिन्धुभिः .; (सः) आर्यः सर्व-समः च एव सदा एव प्रिय-दर्शनः (अस्ति) .","(सः) सर्वदा सिन्धुभिः समुद्रः इव सद्भिः अभिगतः .; (सः) आर्यः सर्व-समः सदा एव प्रिय-दर्शनः च एव (अस्ति) ."," सर्वदाभिगतः सद्भिः समुद्र इव सिन्धुभिः# आर्यः सर्वसमश्चैव सदैव प्रियदर्शनः"
"सः च सर्व-गुण-उपेतः कौसल्या-आनन्द-वर्धनः (च) (अस्ति) .; (सः) समुद्रः इव गाम्भीर्ये (अस्ति) .; (सः) धैर्येण हिमवान् इव (अस्ति) .","सः च सर्व-गुण-उपेतः कौसल्या-आनन्द-वर्धनः (च) (अस्ति) .; (सः) गाम्भीर्ये समुद्रः इव (अस्ति) .; (सः) हिमवान् इव धैर्येण (अस्ति) ."," स च सर्वगुणोपेतः कौसल्यानन्दवर्धनः# समुद्र इव गाम्भीर्ये धैर्येण हिमवानिव"
"(सः) विष्णुना सदृशः वीर्ये (अस्ति) .; (सः) सोमवत् प्रिय-दर्शनः (च) (अस्ति) .; (सः) कालाग्नि-सदृशः क्रोधे (अस्ति) .; (सः) क्षमया पृथिवी-समः (अस्ति) .","(सः) वीर्ये विष्णुना सदृशः (अस्ति) .; (सः) सोमवत् प्रिय-दर्शनः (च) (अस्ति) .; (सः) क्रोधे कालाग्नि-सदृशः (अस्ति) .; (सः) क्षमया पृथिवी-समः (अस्ति) ."," विष्णुना सदृशो वीर्ये सोमवत् प्रियदर्शनः# कालाग्निसदृशः क्रोधे क्षमया पृथिवीसमः"
"(सः) धनदेन समः त्यागे (अस्ति) .; (सः) सत्ये धर्मः इव अपरः (अस्ति) .","(सः) त्यागे धनदेन समः (अस्ति) .; (सः) सत्ये धर्मः इव अपरः (अस्ति) ."," धनदेन समस्त्यागे # सत्ये धर्म इवापरः"
"मही-पतिः दशरथः तम् एवम्-गुण-सम्पन्नम् सत्य-पराक्रमम् ज्येष्ठ-गुणैः युक्तम् प्रकृतीनां हितैः युक्तम् प्रियम् ज्येष्ठम् सुतम् (च) रामम् प्रकृति-प्रिय-काम्यया प्रीत्या यौवराज्येन संयोक्तुम् ऐच्छत् .","तम् एवम्-गुण-सम्पन्नम् रामम् सत्य-पराक्रमम् ज्येष्ठम् ज्येष्ठ-गुणैः युक्तम् प्रियम् दशरथः सुतम् प्रकृतीनां हितैः युक्तम् प्रकृति-प्रिय-काम्यया यौवराज्येन संयोक्तुम् ऐच्छत् प्रीत्या मही-पतिः (च) ."," तमेवंगुणसम्पन्नं रामं सत्यपराक्रमम् ज्येष्ठं ज्येष्ठगुणैर्युक्तं प्रियं दशरथः सुतम्। # प्रकृतीनां हितैर्युक्तं प्रकृतिप्रियकाम्यया।  यौवराज्येन संयोक्तुमैच्छत् प्रीत्या महीपतिः"
"तस्य अभिषेक-सम्भारान् दृष्ट्वा भार्या अथ कैकयी पूर्वम् दत्त-वरा देवी वरम् एनम् अयाचत .","अथ पूर्वम् दत्त-वरा भार्या देवी कैकयी तस्य अभिषेक-सम्भारान् दृष्ट्वा एनम् वरम् अयाचत ."," तस्याभिषेकसम्भारान् दृष्ट्वा भार्याऽथ कैकयी# पूर्वं दत्तवरा देवी वरमेनमयाचत। "
"विवासनम् च रामस्य भरतस्य अभिषेचनम् .","रामस्य विवासनम् भरतस्य अभिषेचनम् च ."," विवासनं च रामस्य भरतस्याभिषेचनम्"
"सः सत्य-वचनाद् राजा धर्म-पाशेन संयतः विवासयामास सुतम् रामम् दशरथः प्रियम् .","सत्य-वचनाद् धर्म-पाशेन संयतः सः राजा दशरथः प्रियम् सुतम् रामम् विवासयामास ."," स सत्यवचनाद्राजा धर्मपाशेन संयतः# विवासयामास सुतं रामं दशरथः प्रियम्"
"सः जगाम वनम् वीरः प्रतिज्ञाम् अनुपालयन् पितुः वचन-निर्देशात् कैकेय्याः प्रिय-कारणात् .","सः वीरः पितुः वचन-निर्देशात् कैकेय्याः प्रिय-कारणात् प्रतिज्ञाम् अनुपालयन् वनम् जगाम ."," स जगाम वनं वीरः प्रतिज्ञामनुपालयन्# पितुर्वचननिर्देशात् कैकेय्याः प्रियकारणात्"
"तम् व्रजन्तम् प्रियः भ्राता लक्ष्मणः अनुजगाम ह स्नेहात् विनय-सम्पन्नः सुमित्रा-आनन्द-वर्धनः भ्रातरम् दयितः भ्रातुः सौभ्रात्रम् अनुदर्शयन् .","विनय-सम्पन्नः सुमित्रा-आनन्द-वर्धनः भ्रातुः दयितः प्रियः भ्राता लक्ष्मणः स्नेहात् सौभ्रात्रम् अनुदर्शयन् तम् व्रजन्तम् भ्रातरम् अनुजगाम ह ."," तं व्रजन्तं प्रियो भ्राता लक्ष्मणोऽनुजगाम ह# स्नेहाद्विनयसम्पन्नः सुमित्रानन्दवर्धनः।  भ्रातरं दयितो भ्रातुः सौभ्रात्रमनुदर्शयन्"
"रामस्य दयिता भार्या नित्यम् प्राण-समा (च) हिता (अस्ति) .","रामस्य दयिता भार्या नित्यम् हिता प्राण-समा (च) (अस्ति) ."," रामस्य दयिता भार्या#  नित्यं प्राणसमा हिता"
"जनकस्य कुले जाता (सा) देव-माया इव निर्मिता (अस्ति) .; (सा) सर्व-लक्षण-सम्पन्ना नारीणाम् उत्तमा वधूः (अस्ति) .","जनकस्य कुले जाता (सा) देव-माया इव निर्मिता (अस्ति) .; (सा) सर्व-लक्षण-सम्पन्ना नारीणाम् उत्तमा वधूः (अस्ति) ."," जनकस्य कुले जाता देवमायेव निर्मिता। #  सर्वलक्षणसम्पन्ना नारीणामुत्तमा वधूः "
"सीता अपि अनुगता रामम् शशिनम् रोहिणी यथा .","सीता अपि रामम् अनुगता यथा रोहिणी शशिनम् .","  सीताप्यनुगता रामं शशिनं रोहिणी यथा"
"पौरैः पित्रा दशरथेन च दूरम् अनुगतः धर्म-आत्मा शृङ्गवेर-पुरे निषाद-अधिपतिम् प्रियम् गुहम् आसाद्य सूतं गङ्गा-कूले व्यसर्जयत् .","पौरैः पित्रा दशरथेन च दूरम् अनुगतः धर्म-आत्मा शृङ्गवेर-पुरे निषाद-अधिपतिम् प्रियम् गुहम् आसाद्य गङ्गा-कूले सूतं व्यसर्जयत् ."," पौरैरनुगतोदूरं पित्रा दशरथेन च# शृङ्गवेरपुरे सूतं गङ्गाकूले व्यसर्जयत्। गुहमासाद्य धर्मात्मा निषादाधिपतिं  प्रियम् "
"रामः गुहेन लक्ष्मणेन सीतया च सहितः वनेन वनम् गत्वा बहु-उदकाः नदीः तीर्त्वा चित्रकूटम् अनुप्राप्य भरद्वाजस्य शासनात् रम्यम् आवसथम् कृत्वा देव-गन्धर्व-सङ्काशाः वने रममाणाः ते त्रयः तत्र सुखम् न्यवसन् .","गुहेन लक्ष्मणेन सीतया च सहितः रामः वनेन वनम् गत्वा बहु-उदकाः नदीः तीर्त्वा भरद्वाजस्य शासनात् चित्रकूटम् अनुप्राप्य रम्यम् आवसथम् कृत्वा देव-गन्धर्व-सङ्काशाः वने रममाणाः ते त्रयः तत्र सुखम् न्यवसन् ."," गुहेन सहितो रामो लक्ष्मणेन च सीतया ते वनेन वनं गत्वा नदीस्तीर्त्वा बहूदकाः। # चित्रकूटमनुप्राप्य भरद्वाजस्य शासनात्। रम्यमावसथं कृत्वा रममाणा वने त्रयः देवगन्धर्वसङ्काशास्तत्र ते न्यवसन् सुखम्"
"चित्रकूटम् गते रामे पुत्र-शोक-आतुरः तथा राजा दशरथः स्वर्गम् जगाम विलपन् सुतम् .","रामे चित्रकूटम् गते पुत्र-शोक-आतुरः राजा दशरथः सुतम् विलपन् तथा स्वर्गम् जगाम ."," चित्रकूटं गते रामे पुत्रशोकातुरस्तथा# राजा दशरथः स्वर्गं जगाम विलपन् सुतम्"
"गते तु तस्मिन् भरतः वसिष्ठ-प्रमुखैः द्विजैः नियुज्यमानः राज्याय न ऐच्छत् राज्यम् महा-बलः .","तस्मिन् गते तु वसिष्ठ-प्रमुखैः द्विजैः राज्याय नियुज्यमानः महा-बलः भरतः राज्यम् न ऐच्छत् ."," गते तु तस्मिन् भरतो वसिष्ठप्रमुखैर्द्वजैः# नियुज्यमानो राज्याय नैच्छद्राज्यं महाबलः."
"सः जगाम वनम् वीरः राम-पाद-प्रसादकः .","राम-पाद-प्रसादकः वीरः सः वनम् जगाम ."," स जगाम वनं वीरो रामपादप्रसादकः"
"गत्वा तु सः महात्मानम् रामम् सत्य-पराक्रमम् अयाचत् भ्रातरम् रामम् आर्य-भाव-पुरस्कृतः .","आर्य-भाव-पुरस्कृतः सः महात्मानम् सत्य-पराक्रमम् रामम् गत्वा तु भ्रातरम् रामम् अयाचत् ."," गत्वा तु स महात्मानं रामं सत्यपराक्रमम्# अयाचद् भ्रातरं राममार्यभावपुरस्कृतः."
"त्वम् एव राजा धर्मज्ञः (असि) इति रामम् वचः अब्रवीत् .; रामः अपि परम-उदारः सु-मुखः सु-महा-यशाः (च) (आसीत्) .","राजा त्वम् एव धर्मज्ञः (असि) इति वचः रामम् अब्रवीत् .; रामः अपि परम-उदारः सु-मुखः सु-महा-यशाः (च) (आसीत्) ."," त्वमेव राजा धर्मज्ञ इति रामं वचोऽब्रवीत्# रामोऽपि परमोदारः सुमुखः सुमहायशाः"
"न च ऐच्छत् पितुः आदेशात् राज्यम् रामः महा-बलः .","महा-बलः रामः पितुः आदेशात् राज्यम् न ऐच्छत् च ."," न चैच्छत् पितुरादेशाद्राज्यं रामो महाबलः."
"पादुके च अस्य राज्याय न्यासम् दत्त्वा पुनः पुनः निवर्तयामास ततः भरतम् भरत-अग्र-जः .","पादुके ततः भरतम् भरत-अग्र-जः . च अस्य राज्याय न्यासम् दत्त्वा पुनः पुनः निवर्तयामास"," पादुके चास्य राज्याय न्यासं दत्त्वा पुनः पुनः.# निवर्तयामास ततो भरतं भरताग्रजः"
"सः कामम् अन्-अवाप्य एव राम-पादौ उपस्पृशन् नन्दि-ग्रामे अकरोत् राज्यम् राम-आगमन-काङ्क्षया .","सः कामम् अन्-अवाप्य एव राम-पादौ उपस्पृशन् राम-आगमन-काङ्क्षया नन्दि-ग्रामे राज्यम् अकरोत् ."," स काममनवाप्यैव रामपादावुपस्पृशन्# नन्दिग्रामेऽकरोद्राज्यं  रामागमनकाङ्क्षया"
"गते तु भरते श्रीमान् सत्य-सन्धः जित-इन्द्रियः रामः तु पुनः आलक्ष्य नागरस्य जनस्य च तत्र आगमनम् एकाग्रः दण्डकान् प्रविवेश ह .","भरते गते तु श्रीमान् सत्य-सन्धः जित-इन्द्रियः एकाग्रः रामः तु नागरस्य जनस्य च तत्र पुनः आगमनम् आलक्ष्य दण्डकान् प्रविवेश ह ."," गते तु भरते श्रीमान् सत्यसन्धो जितेन्द्रियः# रामस्तु पुनरालक्ष्य नागरस्य जनस्य च।  तत्रागमनमेकाग्रो दण्डकान् प्रविवेश ह"
"प्रविश्य तु महा-अरण्यम् रामः राजीव-लोचनः विराधम् राक्षसम् हत्वा शरभङ्गम् ददर्श ह सुतीक्ष्णम् च अपि अगस्त्यम् च अगस्त्य-भ्रातरम् तथा .","राजीव-लोचनः रामः महा-अरण्यम् प्रविश्य तु विराधम् राक्षसम् हत्वा शरभङ्गम् सुतीक्ष्णम् तथा च अपि अगस्त्यम् अगस्त्य-भ्रातरम् च ददर्श ह ."," प्रविश्य तु महारण्यं रामो राजीवलोचनः# विराधं राक्षसं हत्वा शरभङ्गं ददर्श ह।  सुतीक्ष्णं चाप्यगस्त्यं च अगस्त्यभ्रातरं तथा"
"अगस्त्य-वचनात् च एव जग्राह ऐन्द्रम् शर-आसनम् खड्गम् च परम-प्रीतः तूणी च अक्षय-सायकौ .","परम-प्रीतः अगस्त्य-वचनात् च एव ऐन्द्रम् शर-आसनम् खड्गम् च अक्षय-सायकौ तूणी च जग्राह ."," अगस्त्यवचनाच्चैव जग्राहैन्द्रं शरासनम्# खड्गं च परमप्रीतस्तूणी चाक्षयसायकौ"
"सः तेषाम् प्रतिशुश्राव राक्षसानाम् (वधम्) तदा वने .","तदा सः वने तेषाम् राक्षसानाम् (वधम्) प्रतिशुश्राव ."," स तेषां प्रतिशुश्राव राक्षसानां तदा वने"
"प्रतिज्ञातः च रामेण वधः संयति रक्षसाम् (सन्निधौ) ऋषीणाम् अग्नि-कल्पानाम् दण्डक-अरण्य-वासिनाम् .","रामेण अग्नि-कल्पानाम् दण्डक-अरण्य-वासिनाम् ऋषीणाम् (सन्निधौ) संयति रक्षसाम् वधः प्रतिज्ञातः च ."," प्रतिज्ञातश्च रामेण वधः संयति रक्षसाम्# ऋषीणामग्निकल्पानां दण्डकारण्यवासिनाम्"
"तेन तत्र एव वसता जन-स्थान-निवासिनी विरूपिता शूर्पणखा राक्षसी काम-रूपिणी .","तत्र एव वसता तेन जन-स्थान-निवासिनी काम-रूपिणी राक्षसी शूर्पणखा विरूपिता ."," तेन तत्रैव वसता जनस्थाननिवासिनी# विरूपिता शूर्पणखा राक्षसी कामरूपिणी"
"ततः शूर्पणखा-वाक्यात् उद्युक्तान् सर्व-राक्षसान् खरम् त्रिशिरसम् च एव दूषणम् च एव राक्षसम् तेषाम् पदानुगान् च एव रणे रामः निजघान .","ततः शूर्पणखा-वाक्यात् उद्युक्तान् सर्व-राक्षसान् खरम् त्रिशिरसम् च एव दूषणम् च एव राक्षसम् निजघान रणे रामः तेषाम् च एव पदानुगान् ."," ततः शूर्पणखावाक्यादुद्युक्तान् सर्वराक्षसान्# खरं त्रिशिरसं चैव दूषणं चैव राक्षसम् निजघान रणे रामस्तेषां चैव पदानुगान्"
"वने तस्मिन् निवसता जन-स्थान-निवासिनाम् रक्षसाम् निहतानि आसन् सहस्राणि चतुर्दश .","तस्मिन् वने निवसता जन-स्थान-निवासिनाम् रक्षसाम् चतुर्दश सहस्राणि निहतानि आसन् ."," वने तस्मिन्निवसता जनस्थाननिवासिनाम्# रक्षसां निहतान्यासन् सहस्राणि चतुर्दश"
"ततः ज्ञाति-वधम् श्रुत्वा रावणः क्रोध-मूर्छितः .","ततः ज्ञाति-वधम् श्रुत्वा रावणः क्रोध-मूर्छितः ."," ततो ज्ञातिवधं श्रुत्वा रावणः क्रोधमूर्छितः"
"सहायम् वरयामास मारीचम् नाम राक्षसम् .; वार्यमाणः सु-बहुशः मारीचेन सः रावणः (आसीत्) .","मारीचम् नाम राक्षसम् सहायम् वरयामास .; मारीचेन सः रावणः सु-बहुशः वार्यमाणः (आसीत्) ."," सहायं वरयामास मारीचं नाम राक्षसम्# वार्यमाणः सुबहुशो मारीचेन स रावणः"
"न विरोधः बलवता क्षमः रावण तेन ते .","रावण बलवता तेन ते विरोधः न क्षमः ."," न विरोधो बलवता क्षमो रावण तेन ते।  "
"अन्-आदृत्य तु तत् वाक्यम् रावणः काल-चोदितः जगाम सह-मारीचः तस्य आश्रम-पदम् तदा .","तदा काल-चोदितः सह-मारीचः रावणः तत् वाक्यम् अन्-आदृत्य तु तस्य आश्रम-पदम् जगाम ."," अनादृत्य तु तद्वाक्यं रावणः कालचोदितः # जगाम सहमारीचस्तस्याश्रमपदं तदा"
"तेन मायाविना नृप-आत्म-जौ दूरम् अपवाह्य गृध्रम् जटायुषम् हत्वा रामस्य भार्याम् जहार .","तेन मायाविना दूरम् अपवाह्य नृप-आत्म-जौ जहार भार्याम् रामस्य गृध्रम् हत्वा जटायुषम् ."," तेन मायाविना दूरमपवाह्य नृपात्मजौ# जहार भार्यां रामस्य गृध्रं हत्वा जटायुषम्"
"गृध्रम् च निहतम् दृष्ट्वा हृताम् श्रुत्वा च मैथिलीम् राघवः शोक-संतप्तः विललाप आकुल-इन्द्रियः .","गृध्रम् च निहतम् दृष्ट्वा मैथिलीम् हृताम् श्रुत्वा च शोक-संतप्तः आकुल-इन्द्रियः राघवः विललाप ."," गृध्रं च निहतं दृष्ट्वा हृतां श्रुत्वा च मैथिलीम्# राघवः शोकसंतप्तो विललापाकुलेन्द्रियः"
"ततः तेन एव शोकेन गृध्रम् दग्ध्वा जटायुषम् मार्गमाणः वने सीताम् राक्षसम् संददर्श ह कबन्धम् नाम रूपेण विकृतम् घोर-दर्शनम् .","ततः तेन एव शोकेन गृध्रम् जटायुषम् दग्ध्वा वने सीताम् मार्गमाणः रूपेण विकृतम् घोर-दर्शनम् कबन्धम् नाम राक्षसम् संददर्श ह ."," ततस्तेनैव शोकेन गृध्रं दग्ध्वा जटायुषम्# मार्गमाणो वने सीतां राक्षसं संददर्श ह।  कबन्धं नाम रूपेण विकृतं घोरदर्शनम्"
"तम् निहत्य महा-बाहुः ददाह .; स्वर् गतः च सः .","महा-बाहुः तम् निहत्य ददाह .; सः स्वर् गतः च ."," तं निहत्य महाबाहुर्ददाह स्वर्गतश्च सः"
"सः च अस्य(एनम्) कथयामास शबरीम् धर्मचारिणीम् श्रमणाम् धर्म-निपुणाम् अभिगच्छ इति राघव .","सः च राघव धर्मचारिणीम् श्रमणाम् धर्म-निपुणाम् शबरीम् अभिगच्छ इति अस्य(एनम्) कथयामास ."," स चास्य कथयामास शबरीं धर्मचारिणीम्।# श्रमणां धर्मनिपुणामभिगच्छेति राघव"
"सः अभ्यगच्छत् महा-तेजाः शबरीम् शत्रु-सूदनः .","महा-तेजाः शत्रु-सूदनः सः शबरीम् अभ्यगच्छत् ."," सोऽभ्यगच्छन् महातेजाः शबरीं शत्रुसूदनः"
"शबर्या पूजितः सम्यक् रामः दशरथ-आत्मजः .; पम्पा-तीरे हनुमता सङ्गतः वानरेण ह .","शबर्या दशरथ-आत्मजः रामः सम्यक् पूजितः .; पम्पा-तीरे वानरेण हनुमता सङ्गतः ह ."," शबर्या पूजितः सम्यग् रामो दशरथात्मजः# पम्पातीरे हनुमता सङ्गतो वानरेण ह "
"हनुमद्-वचनात् च एव सुग्रीवेण समागतः .","हनुमद्-वचनात् च एव सुग्रीवेण समागतः ."," हनुमद्वचनाच्चैव सुग्रीवेण समागतः"
"सुग्रीवाय च तत्-सर्वम् (अ)शंसत् रामः महाबलः आदितः तत् यथा-वृत्तम् सीतायाः च विशेषतः .","सुग्रीवाय सीतायाः च विशेषतः . च तत्-सर्वम् (अ)शंसत् रामः महाबलः आदितः तत् यथा-वृत्तम्"," सुग्रीवाय च तत्सर्वं शंसद् रामो महावलः# आदितस्तद्यथावृत्तं सीतायाश्च विशेषतः"
"रामेण प्रीतः वानरः सुग्रीवः च अपि रामस्य तत्-सर्वम् श्रुत्वा अग्नि-साक्षिकम् सख्यम् च एव चकार .","सुग्रीवः च अपि तत्-सर्वम् श्रुत्वा रामस्य वानरः चकार सख्यम् रामेण प्रीतः च एव अग्नि-साक्षिकम् ."," सुग्रीवश्चापि तत्सर्वं श्रुत्वा रामस्य वानरः# चकार सख्यं रामेण प्रीतश्चैवाग्निसाक्षिकम्"
"ततः वानर-राजेन वैर-अनुकथनम् प्रति रामाय आवेदितम् सर्वम् प्रणयात् दुःखितेन च .","ततः प्रणयात् दुःखितेन च वानर-राजेन रामाय वैर-अनुकथनम् प्रति सर्वम् आवेदितम् ."," ततो वानरराजेन वैरानुकथनं प्रति # रामायावेदितं सर्वं प्रणयाद्दुःखितेन च।"
"प्रतिज्ञातम् च रामेण तदा वालि-वधम् प्रति .","तदा रामेण वालि-वधम् प्रति प्रतिज्ञातम् च ."," प्रतिज्ञातं च रामेण तदा वालिवधं प्रति"
"वालिनः च बलम् तत्र कथयामास वानरः .; सुग्रीवः शङ्कितः च आसीत् नित्यम् वीर्येण राघवे .","वानरः तत्र वालिनः बलम् च कथयामास .; सुग्रीवः राघवे वीर्येण नित्यम् शङ्कितः च आसीत् ."," वालिनश्च बलं तत्र कथयामास वानरः# सुग्रीवः शङ्कितश्चासीन्नित्यं वीर्येण राघवे"
"राघव-प्रत्यय-अर्थम् तु दुन्दुभेः कायम् उत्तमम् दर्शयामास सुग्रीवः महा-पर्वत-संनिभम् .","सुग्रीवः राघव-प्रत्यय-अर्थम् तु दुन्दुभेः महा-पर्वत-संनिभम् उत्तमम् कायम् दर्शयामास ."," राघवप्रत्ययार्थं तु दुन्दुभेः कायमुत्तमम्# दर्शयामास सुग्रीवो महापर्वतसंनिभम्"
"उत्स्मयित्वा महा-बाहुः प्रेक्ष्य च अस्थि महा-बलः पाद-अङ्गुष्ठेन चिक्षेप सम्पूर्णम् दश-योजनम् .","महा-बाहुः महा-बलः अस्थि प्रेक्ष्य उत्स्मयित्वा च पाद-अङ्गुष्ठेन सम्पूर्णम् दश-योजनम् चिक्षेप ."," उत्स्मयित्वा महाबाहुः प्रेक्ष्य चास्थि महाबलः# पादाङ्गुष्ठेन चिक्षेप सम्पूर्णं दशयोजनम्"
"बिभेद च पुनः सालान् सप्त एकेन महा-इषुणा गिरिम् रसातलम् च एव जनयन् प्रत्ययम् तदा .","तदा पुनः प्रत्ययम् जनयन् एकेन महा-इषुणा सप्त सालान् गिरिम् रसातलम् च एव बिभेद च ."," बिभेद च पुनः सालान् सप्तैकेन महेषुणा# गिरिं रसातलं चैव जनयन् प्रत्ययं तदा"
"ततः प्रीत-मनाः तेन विश्वस्तः सः महा-कपिः तदा राम-सहितः किष्किन्धाम् गुहाम् जगाम च .","ततः तदा तेन विश्वस्तः प्रीत-मनाः राम-सहितः महा-कपिः सः किष्किन्धाम् गुहाम् जगाम च ."," ततः प्रीतमनास्ते न विश्वस्तः सः महाकपिः# किष्किन्धां रामसहितो जगाम च गुहां तदा"
"ततः अगर्जत् हरि-वरः सुग्रीवः हेम-पिङ्गलः .; तेन नादेन महता निर्जगाम हरि-ईश्वरः .","ततः हरि-वरः हेम-पिङ्गलः सुग्रीवः अगर्जत् .; तेन महता नादेन हरि-ईश्वरः निर्जगाम ."," ततोऽगर्जद्धरिवरः सुग्रीवो  हेमपिङ्गलः# तेन नादेन महता निर्जगाम हरीश्वरः"
"अनुमान्य तदा ताराम् सुग्रीवेण समागतः .; निजघान च तत्र एनम् शरेण एकेन राघवः .","तदा ताराम् अनुमान्य सुग्रीवेण समागतः .; तत्र राघवः एकेन शरेण एनम् निजघान च ."," अनुमान्य तदा तारां सुग्रीवेण समागतः# निजघान च तत्रैनं शरेणैकेन राघवः"
"ततः सुग्रीव-वचनात् हत्वा वालिनम् आहवे सुग्रीवम् एव तद्-राज्ये राघवः प्रत्यपादयत् .","ततः राघवः सुग्रीव-वचनात् वालिनम् आहवे हत्वा तद्-राज्ये सुग्रीवम् एव प्रत्यपादयत् ."," ततः सुग्रीववचनाद्धत्वा वालिनमाहवे # सुग्रीवमेव तद्राज्ये राघवः प्रत्यपादयत्"
"सः च सर्वान् समानीय वानरान् वानरर्षभः दिशः प्रस्थापयामास दिदृक्षुः जनक-आत्मजाम् .","जनक-आत्मजाम् दिदृक्षुः वानरर्षभः सः च सर्वान् वानरान् समानीय दिशः प्रस्थापयामास ."," स च सर्वान् समानीय वानरान् वानरर्षभः# दिशः प्रस्थापयामास दिदृक्षुर्जनकात्मजाम्"
"ततः गृध्रस्य वचनात् सम्पातेः हनुमान् बली शत-योजन-विस्तीर्णम् पुप्लुवे लवण-अर्णवम् .","ततः बली हनुमान् गृध्रस्य सम्पातेः वचनात् शत-योजन-विस्तीर्णम् लवण-अर्णवम् पुप्लुवे ."," ततो गृध्रस्य वचनात् सम्पातेर्हनुमान् बली# शतयोजनविस्तीर्णं पुप्लुवे लवणार्णवम्"
"तत्र रावण-पालिताम् लङ्काम् पुरीम् समासाद्य अशोक-वनिकाम् गताम् ध्यायन्तीम् सीताम् ददर्श .","तत्र लङ्काम् समासाद्य पुरीम् रावण-पालिताम् ददर्श सीताम् ध्यायन्तीम् अशोक-वनिकाम् गताम् ."," तत्र लङ्कां समासाद्य पुरीं रावणपालिताम् # ददर्श सीतां ध्यायन्तीमशोकवनिकां गताम्"
"निवेदयित्वा अभिज्ञानम् प्रवृत्तिम् विनिवेद्य च समाश्वास्य च वैदेहीम् मर्दयामास तोरणम् .","अभिज्ञानम् निवेदयित्वा प्रवृत्तिम् च विनिवेद्य वैदेहीम् समाश्वास्य च तोरणम् मर्दयामास ."," निवेदयित्वाऽभिज्ञानं प्रवृत्तिं विनिवेद्य  च# समाश्वास्य च वैदेहीं मर्दयामास तोरणम्"
"पञ्च सेन-अग्रगान् हत्वा सप्त मन्त्रि-सुतान् अपि शूरम् अक्षम् च निष्पिष्य ग्रहणम् समुपागमत् .","पञ्च सेन-अग्रगान् सप्त मन्त्रि-सुतान् अपि हत्वा शूरम् अक्षम् च निष्पिष्य ग्रहणम् समुपागमत् ."," पञ्च सेनाग्रगान् हत्वा सप्त मन्त्रिसुतानपि# शूरमक्षं च निष्पिष्य ग्रहणं समुपागमत्"
"अस्त्रेण उन्मुक्तम् आत्मानम् ज्ञात्वा पैतामहात् वरात् मर्षयन् राक्षसान् वीरः यन्त्रिणः तान् यदृच्छया (रावणम्) (प्राप्तवान्) .","वीरः पैतामहात् वरात् अस्त्रेण आत्मानम् उन्मुक्तम् ज्ञात्वा यन्त्रिणः तान् राक्षसान् मर्षयन् यदृच्छया (रावणम्) (प्राप्तवान्) ."," अस्त्रेणोन्मुक्तमात्मानं ज्ञात्वा पैतामहाद्वरात्# मर्षयन् राक्षसान् वीरो यन्त्रिणस्तान् यदृच्छया"
"ततः दग्ध्वा पुरीम् लङ्काम् ऋते सीताम् च मैथिलीम् रामाय प्रियम् आख्यातुम् पुनः आयात् महा-कपिः .","ततः प्रियम् आख्यातुम् पुनः आयात् महा-कपिः . दग्ध्वा पुरीम् लङ्काम् ऋते सीताम् च मैथिलीम् रामाय"," ततो दग्ध्वा पुरीं लङ्काम् ऋते सीतां च मैथिलीम्# रामाय प्रियमाख्यातुं पुनरायान् महाकपिः"
"सः अभिगम्य महा-आत्मानम् कृत्वा रामम् प्रदक्षिणम् न्यवेदयत् अमेय-आत्मा दृष्टा सीता इति तत्त्वतः .","अमेय-आत्मा सः महा-आत्मानम् रामम् अभिगम्य प्रदक्षिणम् कृत्वा तत्त्वतः सीता दृष्टा इति न्यवेदयत् ."," सोऽभिगम्य महात्मानं कृत्वा रामं प्रदक्षिणम्# न्यवेदयदमेयात्मा दृष्टा सीतेति तत्त्वतः"
"ततः सुग्रीव-सहितः गत्वा तीरम् महा-उदधेः समुद्रम् क्षोभयामास शरैः आदित्य-सन्निभैः (रामः) .","ततः सुग्रीव-सहितः (रामः) महा-उदधेः तीरम् गत्वा आदित्य-सन्निभैः शरैः समुद्रम् क्षोभयामास ."," ततः सुग्रीवसहितो गत्वा तीरं महोदधेः# समुद्रं क्षोभयामास शरैरादित्यसन्निभैः"
"दर्शयामास च आत्मानम् समुद्रः सरिताम् पतिः .; समुद्र-वचनात् च एव नलम् सेतुम् अकारयत्","सरिताम् पतिः समुद्रः आत्मानम् दर्शयामास च .; समुद्र-वचनात् च एव नलम् सेतुम् अकारयत्"," दर्शयामास चात्मानं समुद्रः सरितां पतिः# समुद्रवचनाच्चैव नलं सेतुमकारयत्"
"तेन गत्वा पुरीम् लङ्काम् हत्वा रावणम् आहवे रामः सीताम् अनुप्राप्य पराम् व्रीडाम् उपागमत् .","रामः तेन लङ्काम् पुरीम् गत्वा आहवे रावणम् हत्वा सीताम् अनुप्राप्य पराम् व्रीडाम् उपागमत् ."," तेन गत्वा पुरीं लङ्कां हत्वा रावणमाहवे # रामः सीतामनुप्राप्य परां व्रीडामुपागमत्"
"ताम् उवाच ततः रामः परुषम् जन-संसदि .; अ-मृष्यमाणा सा सीता विवेश ज्वलनम् सती .","ततः रामः जन-संसदि ताम् परुषम् उवाच .; अ-मृष्यमाणा सा सती सीता ज्वलनम् विवेश ."," तामुवाच ततो रामः परुषं जनसंसदि# अमृष्यमाणा सा सीता विवेश ज्वलनं सती"
"ततः अग्नि-वचनात् सीताम् ज्ञात्वा विगत-कल्मषाम् बभौ रामः सम्प्रहृष्टः पूजितः सर्व-दैवतैः .","ततः अग्नि-वचनात् सीताम् विगत-कल्मषाम् ज्ञात्वा सम्प्रहृष्टः रामः सर्व-दैवतैः पूजितः बभौ ."," ततोऽग्निवचनात्सीतां ज्ञात्वा विगतकल्मषाम् #  बभौ रामस्सम्प्रहृष्टः पूजितस्सर्वदैवतै"
"कर्मणा तेन महता त्रैलोक्यम् स-चर-अ-चरम् स-देव-ऋषि-गणम् तुष्टम् राघवस्य महा-आत्मनः .","महा-आत्मनः राघवस्य तेन महता कर्मणा स-चर-अ-चरम् स-देव-ऋषि-गणम् त्रैलोक्यम् तुष्टम् ."," कर्मणा तेन महता त्रैलोक्यं सचराचरम् # सदेवर्षिगणं   तुष्टं राघवस्य महात्मनः"
"अभिषिच्य च लङ्कायाम् राक्षस-इन्द्रम् विभीषणम् कृतकृत्यः तदा रामः विज्वरः प्रमुमोद ह .","तदा राक्षस-इन्द्रम् विभीषणम् लङ्कायाम् अभिषिच्य च कृतकृत्यः विज्वरः रामः प्रमुमोद ह ."," अभिषिच्य च लङ्कायां राक्षसेन्द्रं विभीषणम् # कृतकृत्यस्तदा रामो विज्वरः प्रमुमोद ह"
"देवताभ्यः वरम् प्राप्य समुत्थाप्य च वानरान् अयोध्याम् प्रस्थितः रामः पुष्पकेण सुहृद्-वृतः .","सुहृद्-वृतः रामः देवताभ्यः वरम् प्राप्य वानरान् समुत्थाप्य च पुष्पकेण अयोध्याम् प्रस्थितः ."," देवताभ्यो वरं प्राप्य समुत्थाप्य च वानरान् # अयोध्यां प्रस्थितो रामः पुष्पकेण सुहृद्-वृतः"
"भरद्वाज-आश्रमम् गत्वा आरामः सत्य-पराक्रमः भरतस्य अन्तिके रामः हनूमन्तम् व्यसर्जयत् .","आरामः सत्य-पराक्रमः रामः भरद्वाज-आश्रमम् गत्वा भरतस्य अन्तिके हनूमन्तम् व्यसर्जयत् ."," भरद्वाजाश्रमं गत्वा रामः सत्यपराक्रमः# भरतस्यान्तिके रामो हनूमन्तं व्यसर्जयत्"
"पुनः आख्यायिकाम् जल्पन् सुग्रीव-सहितः तदा पुष्पकम् तत् समारुह्य नन्दि-ग्रामम् ययौ तदा .","पुनः ययौ तदा . आख्यायिकाम् जल्पन् सुग्रीव-सहितः तदा पुष्पकम् तत् समारुह्य नन्दि-ग्रामम्"," पुनराख्यायिकां जल्पन् सुग्रीवसहितस्तदा# पुष्पकं तत्समारुह्य नन्दिग्रामं ययौ तदा"
"नन्दि-ग्रामे जटाम् हित्वा भ्रातृभिः सहितः अनघः रामः सीताम् अनुप्राप्य राज्यम् पुनः अवाप्तवान् .","अनघः रामः भ्रातृभिः सहितः नन्दि-ग्रामे जटाम् हित्वा सीताम् अनुप्राप्य राज्यम् पुनः अवाप्तवान् ."," नन्दिग्रामे जटां हित्वा भ्रातृभिः सहितोऽनघः# रामः सीतामनुप्राप्य राज्यं पुनरवाप्तवान्"
"प्रहृष्ट-मुदितः लोकः तुष्टः पुष्टः सु-धार्मिकः निर्-आमयः हि अ-रोगः च दुर्-भिक्ष-भय-वर्जितः (भविष्यति) .","प्रहृष्ट-मुदितः लोकः तुष्टः पुष्टः सु-धार्मिकः निर्-आमयः अ-रोगः दुर्-भिक्ष-भय-वर्जितः च (भविष्यति) हि ."," प्रहृष्टमुदितो लोकस्तुष्टः पुष्टः सुधार्मिकः# निरामयो ह्यरोगश्च दुर्भिक्षभयवर्जितः"
"न पुत्र-मरणम् केचित् द्रक्ष्यन्ति पुरुषाः क्वचित् .; नार्यः च अविधवाः नित्यम् भविष्यन्ति पति-व्रताः .","केचित् पुरुषाः क्वचित् पुत्र-मरणम् न द्रक्ष्यन्ति .; पति-व्रताः नार्यः च नित्यम् अविधवाः भविष्यन्ति ."," न पुत्रमरणं केचिद् द्रक्ष्यन्ति पुरुषाः क्वचित्# नार्यश्चाविधवा नित्यं भविष्यन्ति पतिव्रताः"
"न च अग्नि-जम् भयम् किञ्चित् (भविष्यति) .; न अप्सु मज्जन्ति जन्तवः .; न च वात-जम् भयम् किञ्चत् (भविष्यति) .; न अपि ज्वर-कृतम् भयम् तथा (भविष्यति) .","अग्नि-जम् किञ्चित् भयम् न च (भविष्यति) .; अप्सु जन्तवः न मज्जन्ति .; वात-जम् किञ्चत् भयम् न च (भविष्यति) .; तथा ज्वर-कृतम् भयम् अपि न (भविष्यति) ."," न चाग्निजं भयं किञ्चन् नाप्सु मज्जन्ति जन्तवः# न वातजं भयं किञ्चन् नापि ज्वरकृतं तथा"
"न च अपि क्षुद्-भयम् तत्र (भविष्यति); न तस्कर-भयम् तथा (भविष्यति)","तत्र क्षुद्-भयम् अपि न च (भविष्यति); तथा तस्कर-भयम् न (भविष्यति)"," न चापि क्षुद्भयं तत्र न तस्करभयं तथा# नगराणि च राष्ट्राणि धनधान्ययुतानि च"
"नित्यम् प्रमुदिताः सर्वे यथा कृत-युगे तथा (भविष्यन्ति) .","कृत-युगे सर्वे नित्यम् यथा प्रमुदिताः तथा (भविष्यन्ति) ."," नित्यं प्रमुदिताः सर्वे यथा कृतयुगे तथा"
"अश्वमेध-शतैः इष्ट्वा तथा बहु-सुवर्णकैः गवाम् कोटि-अयुतम् दत्त्वा विद्वद्भ्यः विधि-पूर्वकम् अ-संख्येयम् धनम् दत्त्वा ब्राह्मणेभ्यः महा-यशाः राज-वंशान् शत-गुणान् स्थापयिष्यति राघवः .","महा-यशाः राघवः अश्वमेध-शतैः तथा बहु-सुवर्णकैः इष्ट्वा विद्वद्भ्यः गवाम् कोटि-अयुतम् विधि-पूर्वकम् दत्त्वा ब्राह्मणेभ्यः अ-संख्येयम् धनम् दत्त्वा शत-गुणान् राज-वंशान् स्थापयिष्यति ."," अश्वमेधशतैरिष्ट्वा तथा बहुसुवर्णकैः# गवां कोट्ययुतं दत्त्वा विद्वद्भ्यो विधिपूर्वकम्। असंख्येयं धनं दत्त्वा ब्राह्मणेभ्यो महायशाः। राजवंशाञ्छतगुणान् स्थापयिष्यति राघवः."
"चातुर्वर्ण्यम् च लोके अस्मिन् स्वे स्वे धर्मे नियोक्ष्यति .","अस्मिन् लोके स्वे स्वे धर्मे चातुर्वर्ण्यम् च नियोक्ष्यति ."," चातुर्वर्ण्यं च लोकेऽस्मिन् स्वे स्वे धर्मे नियोक्ष्यति"
"दश-वर्ष-सहस्राणि दश-वर्ष-शतानि च रामः राज्यम् उपासित्वा ब्रह्म-लोकम् प्रयास्यति .","रामः दश-वर्ष-सहस्राणि दश-वर्ष-शतानि च राज्यम् उपासित्वा ब्रह्म-लोकम् प्रयास्यति ."," दशवर्षसहस्राणि दशवर्षशतानि च# रामो राज्यमुपासित्वा ब्रह्मलोकं प्रयास्यति"
"इदम् पवित्रम् पापघ्नम् पुण्यम् वेदैः च सम्मितम् यः पठेत् रामचरितम् .; (सः) सर्व-पापैः प्रमुच्यते .","यः इदम् पवित्रम् पापघ्नम् पुण्यम् वेदैः च सम्मितम् रामचरितम् पठेत् .; सर्व-पापैः (सः) प्रमुच्यते ."," इदं पवित्रं पापघ्नं पुण्यं वेदैश्च सम्मितम् # यः पठेद् रामचरितं सर्वपापैः प्रमुच्यते"
"एतत् आख्यानम् आयुष्यम् पठन् रामायणम् नरः स-पुत्र-पौत्रः स-गणः प्रेत्य स्वर्गे महीयते .","एतत् आयुष्यम् आख्यानम् रामायणम् पठन् स-पुत्र-पौत्रः स-गणः नरः प्रेत्य स्वर्गे महीयते ."," एतदाख्यानमायुष्यं पठन् रामायणं नरः# सपुत्रपौत्रः सगणः प्रेत्य स्वर्गे महीयते"
"पठन् द्विजः वाक्-ऋषभत्वम् ईयात् .; स्यात् क्षत्रियः .; भूमि-पतित्वम् ईयात् .; वणिक्-जनः पण्य-फलत्वम् ईयात् .; जनः च शूद्रः अपि महत्त्वम् ईयात् .","पठन् द्विजः वाक्-ऋषभत्वम् ईयात् .; क्षत्रियः स्यात् .; भूमि-पतित्वम् ईयात् .; वणिक्-जनः पण्य-फलत्वम् ईयात् .; शूद्रः जनः अपि महत्त्वम् ईयात् च ."," पठन् द्विजो वागृषभत्वमीयात् स्यात् क्षत्रियो भूमिपतित्वमीयात्# वणिग्जनः पण्यफलत्वमीयाज्जनश्च शूद्रोऽपि महत्त्वमीयात्"